Longitude,Latitude,lanes,maxspeed,road_name,ref,direction
-117.461197,33.295841,4,65 mph,San Diego Freeway,I 5,South
-117.459709,33.294651,4,65 mph,San Diego Freeway,I 5,South
-117.459267,33.294243,4,65 mph,San Diego Freeway,I 5,South
-117.458778,33.293728,4,65 mph,San Diego Freeway,I 5,South
-117.458366,33.293232,4,65 mph,San Diego Freeway,I 5,South
-117.4576487,33.2922416,4,65 mph,San Diego Freeway,I 5,South
-117.4571852,33.291639,4,65 mph,San Diego Freeway,I 5,South
-117.4550738,33.2888552,4,65 mph,San Diego Freeway,I 5,South
-117.4531169,33.286301,4,65 mph,San Diego Freeway,I 5,South
-117.449867,33.281998,4,65 mph,San Diego Freeway,I 5,South
-117.447449,33.278828,4,65 mph,San Diego Freeway,I 5,South
-117.445923,33.276798,4,65 mph,San Diego Freeway,I 5,South
-117.44528,33.2759511,4,65 mph,San Diego Freeway,I 5,South
-117.481003,33.312424,4,65 mph,San Diego Freeway,I 5,South
-117.480614,33.311951,4,65 mph,San Diego Freeway,I 5,South
-117.480171,33.311501,4,65 mph,San Diego Freeway,I 5,South
-117.479591,33.310982,4,65 mph,San Diego Freeway,I 5,South
-117.4712958,33.3041504,4,65 mph,San Diego Freeway,I 5,South
-117.467968,33.3014213,4,65 mph,San Diego Freeway,I 5,South
-117.440987,33.271244,4,65 mph,San Diego Freeway,I 5,South
-117.4397375,33.2703412,4,65 mph,San Diego Freeway,I 5,South
-117.4394463,33.2701309,4,65 mph,San Diego Freeway,I 5,South
-117.432266,33.26482,4,65 mph,San Diego Freeway,I 5,South
-117.431686,33.264317,4,65 mph,San Diego Freeway,I 5,South
-117.431381,33.264011,4,65 mph,San Diego Freeway,I 5,South
-117.430939,33.2635,4,65 mph,San Diego Freeway,I 5,South
-117.430344,33.262756,4,65 mph,San Diego Freeway,I 5,South
-117.429497,33.26162,4,65 mph,San Diego Freeway,I 5,South
-117.4253935,33.2564626,4,65 mph,San Diego Freeway,I 5,South
-117.424074,33.254766,4,65 mph,San Diego Freeway,I 5,South
-117.423059,33.253527,4,65 mph,San Diego Freeway,I 5,South
-117.44528,33.2759511,4,65 mph,San Diego Freeway,I 5,South
-117.4432807,33.2733134,4,65 mph,San Diego Freeway,I 5,South
-117.442902,33.272804,4,65 mph,San Diego Freeway,I 5,South
-117.442413,33.272324,4,65 mph,San Diego Freeway,I 5,South
-117.441933,33.271915,4,65 mph,San Diego Freeway,I 5,South
-117.440987,33.271244,4,65 mph,San Diego Freeway,I 5,South
-117.467968,33.3014213,4,65 mph,San Diego Freeway,I 5,South
-117.4648499,33.2988418,4,65 mph,San Diego Freeway,I 5,South
-117.4645238,33.2985692,4,65 mph,San Diego Freeway,I 5,South
-117.461197,33.295841,4,65 mph,San Diego Freeway,I 5,South
-117.4822763,33.3156487,4,65 mph,San Diego Freeway,I 5,South
-117.482236,33.3154256,4,65 mph,San Diego Freeway,I 5,South
-117.482167,33.3149394,4,65 mph,San Diego Freeway,I 5,South
-117.4820332,33.314458,4,65 mph,San Diego Freeway,I 5,South
-117.4818959,33.3140133,4,65 mph,San Diego Freeway,I 5,South
-117.481758,33.313614,4,65 mph,San Diego Freeway,I 5,South
-117.481293,33.312824,4,65 mph,San Diego Freeway,I 5,South
-117.481003,33.312424,4,65 mph,San Diego Freeway,I 5,South
-117.675586,33.5973306,5,65 mph,San Diego Freeway,I 5,South
-117.6750382,33.5968548,5,65 mph,San Diego Freeway,I 5,South
-117.674421,33.5962296,5,65 mph,San Diego Freeway,I 5,South
-117.6740854,33.5958468,5,65 mph,San Diego Freeway,I 5,South
-117.6737795,33.5954432,5,65 mph,San Diego Freeway,I 5,South
-117.6886655,33.6032187,6,65 mph,San Diego Freeway,I 5,South
-117.6878367,33.6027217,6,65 mph,San Diego Freeway,I 5,South
-117.6873242,33.6024881,6,65 mph,San Diego Freeway,I 5,South
-117.6869243,33.6022664,6,65 mph,San Diego Freeway,I 5,South
-117.6586379,33.4989334,"['5', '6']",65 mph,San Diego Freeway,I 5,South
-117.6588391,33.497755,"['5', '6']",65 mph,San Diego Freeway,I 5,South
-117.6590108,33.4970893,"['5', '6']",65 mph,San Diego Freeway,I 5,South
-117.6594059,33.4959584,"['5', '6']",65 mph,San Diego Freeway,I 5,South
-117.6596063,33.4954664,"['5', '6']",65 mph,San Diego Freeway,I 5,South
-117.6597063,33.4952713,"['5', '6']",65 mph,San Diego Freeway,I 5,South
-117.6601073,33.4944676,"['5', '6']",65 mph,San Diego Freeway,I 5,South
-117.660291,33.494134,"['5', '6']",65 mph,San Diego Freeway,I 5,South
-117.6606075,33.4936262,"['5', '6']",65 mph,San Diego Freeway,I 5,South
-117.6607316,33.4934392,"['5', '6']",65 mph,San Diego Freeway,I 5,South
-117.66105,33.4929664,"['5', '6']",65 mph,San Diego Freeway,I 5,South
-117.6615979,33.4922288,"['5', '6']",65 mph,San Diego Freeway,I 5,South
-117.6616234,33.4921942,"['5', '6']",65 mph,San Diego Freeway,I 5,South
-117.6186461,33.4362248,6,65 mph,San Diego Freeway,I 5,South
-117.6178473,33.4353988,6,65 mph,San Diego Freeway,I 5,South
-117.6170042,33.4341076,6,65 mph,San Diego Freeway,I 5,South
-117.66762,33.5245897,6,65 mph,San Diego Freeway,I 5,South
-117.6668731,33.5229145,6,65 mph,San Diego Freeway,I 5,South
-117.6663265,33.5216618,6,65 mph,San Diego Freeway,I 5,South
-117.6659127,33.5207134,6,65 mph,San Diego Freeway,I 5,South
-117.6657578,33.5203367,6,65 mph,San Diego Freeway,I 5,South
-117.6649243,33.5183084,6,65 mph,San Diego Freeway,I 5,South
-117.664377,33.5169807,6,65 mph,San Diego Freeway,I 5,South
-117.6032519,33.4150387,5,65 mph,San Diego Freeway,I 5,South
-117.601389,33.4113991,5,65 mph,San Diego Freeway,I 5,South
-117.627369,33.4418005,5,65 mph,San Diego Freeway,I 5,South
-117.6270156,33.4415459,5,65 mph,San Diego Freeway,I 5,South
-117.6262283,33.4409403,5,65 mph,San Diego Freeway,I 5,South
-117.6258161,33.4406471,5,65 mph,San Diego Freeway,I 5,South
-117.625364,33.4403417,5,65 mph,San Diego Freeway,I 5,South
-117.6242015,33.4396177,5,65 mph,San Diego Freeway,I 5,South
-117.6229522,33.4389178,5,65 mph,San Diego Freeway,I 5,South
-117.6222729,33.4385425,5,65 mph,San Diego Freeway,I 5,South
-117.621319,33.4380189,5,65 mph,San Diego Freeway,I 5,South
-117.6204663,33.4375614,5,65 mph,San Diego Freeway,I 5,South
-117.6196438,33.4370564,5,65 mph,San Diego Freeway,I 5,South
-117.6191051,33.4366382,5,65 mph,San Diego Freeway,I 5,South
-117.6186461,33.4362248,5,65 mph,San Diego Freeway,I 5,South
-117.5795312,33.3838904,4,65 mph,San Diego Freeway,I 5,South
-117.5778354,33.3832686,4,65 mph,San Diego Freeway,I 5,South
-117.5766559,33.3828082,4,65 mph,San Diego Freeway,I 5,South
-117.5731744,33.3814486,4,65 mph,San Diego Freeway,I 5,South
-117.571278,33.380708,4,65 mph,San Diego Freeway,I 5,South
-117.5662484,33.3787083,4,65 mph,San Diego Freeway,I 5,South
-117.5656304,33.3783786,4,65 mph,San Diego Freeway,I 5,South
-117.5648837,33.3779414,4,65 mph,San Diego Freeway,I 5,South
-117.5642313,33.3774397,4,65 mph,San Diego Freeway,I 5,South
-117.5628151,33.3761854,4,65 mph,San Diego Freeway,I 5,South
-117.5623259,33.3757338,4,65 mph,San Diego Freeway,I 5,South
-117.5615963,33.3751604,4,65 mph,San Diego Freeway,I 5,South
-117.5613818,33.3750027,4,65 mph,San Diego Freeway,I 5,South
-117.5605578,33.3745297,4,65 mph,San Diego Freeway,I 5,South
-117.559133,33.3737412,4,65 mph,San Diego Freeway,I 5,South
-117.5544724,33.3711823,4,65 mph,San Diego Freeway,I 5,South
-117.5475089,33.3673825,4,65 mph,San Diego Freeway,I 5,South
-117.5464617,33.3667087,4,65 mph,San Diego Freeway,I 5,South
-117.5445134,33.3653682,4,65 mph,San Diego Freeway,I 5,South
-117.5403763,33.362551,4,65 mph,San Diego Freeway,I 5,South
-117.5283657,33.3543611,4,65 mph,San Diego Freeway,I 5,South
-117.5916027,33.3930877,4,65 mph,San Diego Freeway,I 5,South
-117.590941,33.3922455,4,65 mph,San Diego Freeway,I 5,South
-117.5899896,33.3910234,4,65 mph,San Diego Freeway,I 5,South
-117.588203,33.388779,4,65 mph,San Diego Freeway,I 5,South
-117.5876275,33.3882147,4,65 mph,San Diego Freeway,I 5,South
-117.5865052,33.3872081,4,65 mph,San Diego Freeway,I 5,South
-117.5865052,33.3872081,4,65 mph,San Diego Freeway,I 5,South
-117.5861066,33.3869245,4,65 mph,San Diego Freeway,I 5,South
-117.5855659,33.3865758,4,65 mph,San Diego Freeway,I 5,South
-117.5848295,33.3861389,4,65 mph,San Diego Freeway,I 5,South
-117.5838005,33.3856421,4,65 mph,San Diego Freeway,I 5,South
-117.5817054,33.3848028,4,65 mph,San Diego Freeway,I 5,South
-117.5795312,33.3838904,4,65 mph,San Diego Freeway,I 5,South
-117.6729488,33.5621704,5,65 mph,San Diego Freeway,I 5,South
-117.6730645,33.560732,5,65 mph,San Diego Freeway,I 5,South
-117.6731315,33.5597736,5,65 mph,San Diego Freeway,I 5,South
-117.6731248,33.5585814,5,65 mph,San Diego Freeway,I 5,South
-117.673097,33.5566924,5,65 mph,San Diego Freeway,I 5,South
-117.6730871,33.5554185,5,65 mph,San Diego Freeway,I 5,South
-117.6730135,33.5512269,5,65 mph,San Diego Freeway,I 5,South
-117.6729649,33.5497334,5,65 mph,San Diego Freeway,I 5,South
-117.6729337,33.5490618,5,65 mph,San Diego Freeway,I 5,South
-117.6729048,33.5482533,5,65 mph,San Diego Freeway,I 5,South
-117.6729196,33.5474848,5,65 mph,San Diego Freeway,I 5,South
-117.6729376,33.5472193,5,65 mph,San Diego Freeway,I 5,South
-117.6729617,33.5469336,5,65 mph,San Diego Freeway,I 5,South
-117.6730449,33.5464244,5,65 mph,San Diego Freeway,I 5,South
-117.673287,33.5454577,5,65 mph,San Diego Freeway,I 5,South
-117.6736157,33.5441863,5,65 mph,San Diego Freeway,I 5,South
-117.608299,33.4232629,4,65 mph,San Diego Freeway,I 5,South
-117.6075895,33.4218341,4,65 mph,San Diego Freeway,I 5,South
-117.6072705,33.4213007,4,65 mph,San Diego Freeway,I 5,South
-117.6067984,33.4206704,4,65 mph,San Diego Freeway,I 5,South
-117.6056409,33.4193849,4,65 mph,San Diego Freeway,I 5,South
-117.6055078,33.4192335,4,65 mph,San Diego Freeway,I 5,South
-117.6053153,33.4189695,4,65 mph,San Diego Freeway,I 5,South
-117.6049639,33.4184866,4,65 mph,San Diego Freeway,I 5,South
-117.6048056,33.4182222,4,65 mph,San Diego Freeway,I 5,South
-117.6032519,33.4150387,4,65 mph,San Diego Freeway,I 5,South
-117.7113728,33.6181069,"['6', '7']",65 mph,San Diego Freeway,I 5,South
-117.7109755,33.617693,"['6', '7']",65 mph,San Diego Freeway,I 5,South
-117.7099883,33.6166272,"['6', '7']",65 mph,San Diego Freeway,I 5,South
-117.7094666,33.6161037,"['6', '7']",65 mph,San Diego Freeway,I 5,South
-117.7088304,33.6155499,"['6', '7']",65 mph,San Diego Freeway,I 5,South
-117.7079496,33.6147984,"['6', '7']",65 mph,San Diego Freeway,I 5,South
-117.707622,33.614515,"['6', '7']",65 mph,San Diego Freeway,I 5,South
-117.601389,33.4113991,4,65 mph,San Diego Freeway,I 5,South
-117.5995826,33.407761,4,65 mph,San Diego Freeway,I 5,South
-117.5995826,33.407761,4,65 mph,San Diego Freeway,I 5,South
-117.5994352,33.4074668,4,65 mph,San Diego Freeway,I 5,South
-117.5949216,33.3984596,4,65 mph,San Diego Freeway,I 5,South
-117.6085219,33.42375,5,65 mph,San Diego Freeway,I 5,South
-117.608299,33.4232629,5,65 mph,San Diego Freeway,I 5,South
-117.6170042,33.4341076,"['5', '4']",65 mph,San Diego Freeway,I 5,South
-117.6163882,33.4332214,"['5', '4']",65 mph,San Diego Freeway,I 5,South
-117.6156672,33.4321756,"['5', '4']",65 mph,San Diego Freeway,I 5,South
-117.6149291,33.4313375,"['5', '4']",65 mph,San Diego Freeway,I 5,South
-117.6146253,33.431062,"['5', '4']",65 mph,San Diego Freeway,I 5,South
-117.6142919,33.4307673,"['5', '4']",65 mph,San Diego Freeway,I 5,South
-117.6130543,33.429729,"['5', '4']",65 mph,San Diego Freeway,I 5,South
-117.6124512,33.4291941,"['5', '4']",65 mph,San Diego Freeway,I 5,South
-117.6118062,33.4285018,"['5', '4']",65 mph,San Diego Freeway,I 5,South
-117.6115434,33.4281877,"['5', '4']",65 mph,San Diego Freeway,I 5,South
-117.6112398,33.4278044,"['5', '4']",65 mph,San Diego Freeway,I 5,South
-117.6106461,33.4270038,"['5', '4']",65 mph,San Diego Freeway,I 5,South
-117.6104426,33.4267135,"['5', '4']",65 mph,San Diego Freeway,I 5,South
-117.60921,33.424899,"['5', '4']",65 mph,San Diego Freeway,I 5,South
-117.6089446,33.4244831,"['5', '4']",65 mph,San Diego Freeway,I 5,South
-117.6086818,33.4240365,"['5', '4']",65 mph,San Diego Freeway,I 5,South
-117.6085219,33.42375,"['5', '4']",65 mph,San Diego Freeway,I 5,South
-117.6347207,33.4470167,5,65 mph,San Diego Freeway,I 5,South
-117.6324984,33.445896,5,65 mph,San Diego Freeway,I 5,South
-117.6318489,33.4454953,5,65 mph,San Diego Freeway,I 5,South
-117.6309646,33.4448459,5,65 mph,San Diego Freeway,I 5,South
-117.6301221,33.4441571,5,65 mph,San Diego Freeway,I 5,South
-117.6292867,33.443442,5,65 mph,San Diego Freeway,I 5,South
-117.6593309,33.5051328,5,65 mph,San Diego Freeway,I 5,South
-117.6592034,33.5047723,5,65 mph,San Diego Freeway,I 5,South
-117.6591129,33.5044896,5,65 mph,San Diego Freeway,I 5,South
-117.6589296,33.5038876,5,65 mph,San Diego Freeway,I 5,South
-117.6588919,33.5037518,5,65 mph,San Diego Freeway,I 5,South
-117.6586607,33.5027393,5,65 mph,San Diego Freeway,I 5,South
-117.6585733,33.5020356,5,65 mph,San Diego Freeway,I 5,South
-117.6585244,33.5014152,5,65 mph,San Diego Freeway,I 5,South
-117.6585116,33.500971,5,65 mph,San Diego Freeway,I 5,South
-117.6585213,33.500496,5,65 mph,San Diego Freeway,I 5,South
-117.6585387,33.4996445,5,65 mph,San Diego Freeway,I 5,South
-117.6586379,33.4989334,5,65 mph,San Diego Freeway,I 5,South
-117.664377,33.5169807,6,65 mph,San Diego Freeway,I 5,South
-117.6631393,33.5140087,6,65 mph,San Diego Freeway,I 5,South
-117.662238,33.5119686,6,65 mph,San Diego Freeway,I 5,South
-117.6606935,33.5083423,6,65 mph,San Diego Freeway,I 5,South
-117.6604745,33.5078281,6,65 mph,San Diego Freeway,I 5,South
-117.6601867,33.5071523,6,65 mph,San Diego Freeway,I 5,South
-117.6597425,33.5060936,6,65 mph,San Diego Freeway,I 5,South
-117.6593309,33.5051328,6,65 mph,San Diego Freeway,I 5,South
-117.6747787,33.5390568,"['7', '8']",65 mph,San Diego Freeway,I 5,South
-117.6748007,33.5389336,"['7', '8']",65 mph,San Diego Freeway,I 5,South
-117.6749754,33.5378425,"['7', '8']",65 mph,San Diego Freeway,I 5,South
-117.6751385,33.5365905,"['7', '8']",65 mph,San Diego Freeway,I 5,South
-117.6751788,33.5359149,"['7', '8']",65 mph,San Diego Freeway,I 5,South
-117.6752071,33.5352312,"['7', '8']",65 mph,San Diego Freeway,I 5,South
-117.6752014,33.5344927,"['7', '8']",65 mph,San Diego Freeway,I 5,South
-117.6751745,33.5337748,"['7', '8']",65 mph,San Diego Freeway,I 5,South
-117.6750963,33.5330545,"['7', '8']",65 mph,San Diego Freeway,I 5,South
-117.674941,33.532352,"['7', '8']",65 mph,San Diego Freeway,I 5,South
-117.6746592,33.5316757,"['7', '8']",65 mph,San Diego Freeway,I 5,South
-117.6742506,33.5309632,"['7', '8']",65 mph,San Diego Freeway,I 5,South
-117.6739486,33.5305188,"['7', '8']",65 mph,San Diego Freeway,I 5,South
-117.6737317,33.5302697,"['7', '8']",65 mph,San Diego Freeway,I 5,South
-117.6733981,33.5298964,"['7', '8']",65 mph,San Diego Freeway,I 5,South
-117.6724624,33.5291387,"['7', '8']",65 mph,San Diego Freeway,I 5,South
-117.6701408,33.5275643,"['7', '8']",65 mph,San Diego Freeway,I 5,South
-117.6695443,33.5270997,"['7', '8']",65 mph,San Diego Freeway,I 5,South
-117.669157,33.5267072,"['7', '8']",65 mph,San Diego Freeway,I 5,South
-117.6688332,33.5263403,"['7', '8']",65 mph,San Diego Freeway,I 5,South
-117.6684907,33.5259474,"['7', '8']",65 mph,San Diego Freeway,I 5,South
-117.6682078,33.5255792,"['7', '8']",65 mph,San Diego Freeway,I 5,South
-117.6679535,33.5251577,"['7', '8']",65 mph,San Diego Freeway,I 5,South
-117.66762,33.5245897,"['7', '8']",65 mph,San Diego Freeway,I 5,South
-117.6736157,33.5441863,5,65 mph,San Diego Freeway,I 5,South
-117.6744034,33.5404851,5,65 mph,San Diego Freeway,I 5,South
-117.6745714,33.5398549,5,65 mph,San Diego Freeway,I 5,South
-117.6746608,33.5395321,5,65 mph,San Diego Freeway,I 5,South
-117.6747787,33.5390568,5,65 mph,San Diego Freeway,I 5,South
-117.6730871,33.5554185,6,65 mph,San Diego Freeway,I 5,South
-117.6730528,33.5543098,6,65 mph,San Diego Freeway,I 5,South
-117.6730135,33.5512269,6,65 mph,San Diego Freeway,I 5,South
-117.6719436,33.5761476,"['5', '6']",65 mph,San Diego Freeway,I 5,South
-117.6719631,33.5746259,"['5', '6']",65 mph,San Diego Freeway,I 5,South
-117.6719731,33.5739347,"['5', '6']",65 mph,San Diego Freeway,I 5,South
-117.6720388,33.5700404,"['5', '6']",65 mph,San Diego Freeway,I 5,South
-117.6720823,33.5692611,"['5', '6']",65 mph,San Diego Freeway,I 5,South
-117.6720872,33.5691814,"['5', '6']",65 mph,San Diego Freeway,I 5,South
-117.6721163,33.5687106,"['5', '6']",65 mph,San Diego Freeway,I 5,South
-117.6722826,33.5671012,"['5', '6']",65 mph,San Diego Freeway,I 5,South
-117.6724496,33.5658005,"['5', '6']",65 mph,San Diego Freeway,I 5,South
-117.6728472,33.5629094,"['5', '6']",65 mph,San Diego Freeway,I 5,South
-117.6729488,33.5621704,"['5', '6']",65 mph,San Diego Freeway,I 5,South
-117.6718797,33.5805339,5,65 mph,San Diego Freeway,I 5,South
-117.6718929,33.5795206,5,65 mph,San Diego Freeway,I 5,South
-117.6719436,33.5761476,5,65 mph,San Diego Freeway,I 5,South
-117.6718595,33.5852624,5,65 mph,San Diego Freeway,I 5,South
-117.6718429,33.5842323,5,65 mph,San Diego Freeway,I 5,South
-117.6718304,33.58317,5,65 mph,San Diego Freeway,I 5,South
-117.6718719,33.581196,5,65 mph,San Diego Freeway,I 5,South
-117.6718797,33.5805339,5,65 mph,San Diego Freeway,I 5,South
-117.707622,33.614515,"['6', '7']",65 mph,San Diego Freeway,I 5,South
-117.7069536,33.6139632,"['6', '7']",65 mph,San Diego Freeway,I 5,South
-117.7065995,33.6136744,"['6', '7']",65 mph,San Diego Freeway,I 5,South
-117.7056421,33.6128271,"['6', '7']",65 mph,San Diego Freeway,I 5,South
-117.7052472,33.6124933,"['6', '7']",65 mph,San Diego Freeway,I 5,South
-117.7049722,33.6122453,"['6', '7']",65 mph,San Diego Freeway,I 5,South
-117.7048971,33.6121776,"['6', '7']",65 mph,San Diego Freeway,I 5,South
-117.7228752,33.6303547,8,65 mph,San Diego Freeway,I 5,South
-117.722542,33.6300965,8,65 mph,San Diego Freeway,I 5,South
-117.7222785,33.6298684,8,65 mph,San Diego Freeway,I 5,South
-117.7217415,33.6293536,8,65 mph,San Diego Freeway,I 5,South
-117.7207859,33.6283564,8,65 mph,San Diego Freeway,I 5,South
-117.6869243,33.6022664,"['6', '7']",65 mph,San Diego Freeway,I 5,South
-117.686106,33.6019388,"['6', '7']",65 mph,San Diego Freeway,I 5,South
-117.682238,33.6004512,"['6', '7']",65 mph,San Diego Freeway,I 5,South
-117.6801344,33.5995797,"['6', '7']",65 mph,San Diego Freeway,I 5,South
-117.6737795,33.5954432,"['5', '6']",65 mph,San Diego Freeway,I 5,South
-117.6731252,33.5946219,"['5', '6']",65 mph,San Diego Freeway,I 5,South
-117.672793,33.5941339,"['5', '6']",65 mph,San Diego Freeway,I 5,South
-117.6725163,33.5936364,"['5', '6']",65 mph,San Diego Freeway,I 5,South
-117.6722914,33.5931542,"['5', '6']",65 mph,San Diego Freeway,I 5,South
-117.6720993,33.5926592,"['5', '6']",65 mph,San Diego Freeway,I 5,South
-117.6719883,33.5923085,"['5', '6']",65 mph,San Diego Freeway,I 5,South
-117.6718994,33.5919646,"['5', '6']",65 mph,San Diego Freeway,I 5,South
-117.6717706,33.5912247,"['5', '6']",65 mph,San Diego Freeway,I 5,South
-117.6717281,33.5906797,"['5', '6']",65 mph,San Diego Freeway,I 5,South
-117.6717289,33.590138,"['5', '6']",65 mph,San Diego Freeway,I 5,South
-117.6717508,33.5892442,"['5', '6']",65 mph,San Diego Freeway,I 5,South
-117.6718595,33.5852624,"['5', '6']",65 mph,San Diego Freeway,I 5,South
-117.6801344,33.5995797,5,65 mph,San Diego Freeway,I 5,South
-117.6794394,33.5993613,5,65 mph,San Diego Freeway,I 5,South
-117.6785374,33.5990167,5,65 mph,San Diego Freeway,I 5,South
-117.6777769,33.5987108,5,65 mph,San Diego Freeway,I 5,South
-117.677115,33.5983857,5,65 mph,San Diego Freeway,I 5,South
-117.6765285,33.5980514,5,65 mph,San Diego Freeway,I 5,South
-117.6761433,33.5978125,5,65 mph,San Diego Freeway,I 5,South
-117.675586,33.5973306,5,65 mph,San Diego Freeway,I 5,South
-117.5949216,33.3984596,4,65 mph,San Diego Freeway,I 5,South
-117.5941236,33.3969788,4,65 mph,San Diego Freeway,I 5,South
-117.5937916,33.3964342,4,65 mph,San Diego Freeway,I 5,South
-117.5936538,33.3962082,4,65 mph,San Diego Freeway,I 5,South
-117.5934529,33.3958581,4,65 mph,San Diego Freeway,I 5,South
-117.5933779,33.3957291,4,65 mph,San Diego Freeway,I 5,South
-117.5931697,33.395371,4,65 mph,San Diego Freeway,I 5,South
-117.592628,33.394585,4,65 mph,San Diego Freeway,I 5,South
-117.5916027,33.3930877,4,65 mph,San Diego Freeway,I 5,South
-117.5283657,33.3543611,4,65 mph,San Diego Freeway,I 5,South
-117.5210236,33.3493529,4,65 mph,San Diego Freeway,I 5,South
-117.5210236,33.3493529,4,65 mph,San Diego Freeway,I 5,South
-117.5191504,33.3480763,4,65 mph,San Diego Freeway,I 5,South
-117.5187846,33.3478198,4,65 mph,San Diego Freeway,I 5,South
-117.5177514,33.347094,4,65 mph,San Diego Freeway,I 5,South
-117.5162093,33.3459725,4,65 mph,San Diego Freeway,I 5,South
-117.5097262,33.3412575,4,65 mph,San Diego Freeway,I 5,South
-117.5068251,33.3391494,4,65 mph,San Diego Freeway,I 5,South
-117.5023877,33.3359154,4,65 mph,San Diego Freeway,I 5,South
-117.4975125,33.3323729,4,65 mph,San Diego Freeway,I 5,South
-117.4927231,33.3288804,4,65 mph,San Diego Freeway,I 5,South
-117.4849126,33.3231862,4,65 mph,San Diego Freeway,I 5,South
-117.4844147,33.3227272,4,65 mph,San Diego Freeway,I 5,South
-117.4839856,33.3222324,4,65 mph,San Diego Freeway,I 5,South
-117.4835736,33.3216945,4,65 mph,San Diego Freeway,I 5,South
-117.4832818,33.3212283,4,65 mph,San Diego Freeway,I 5,South
-117.4831187,33.3209055,4,65 mph,San Diego Freeway,I 5,South
-117.4828869,33.3203604,4,65 mph,San Diego Freeway,I 5,South
-117.4827668,33.3199516,4,65 mph,San Diego Freeway,I 5,South
-117.482638,33.319385,4,65 mph,San Diego Freeway,I 5,South
-117.4825237,33.3182306,4,65 mph,San Diego Freeway,I 5,South
-117.4824534,33.3175213,4,65 mph,San Diego Freeway,I 5,South
-117.4822763,33.3156487,4,65 mph,San Diego Freeway,I 5,South
-117.6616234,33.4921942,5,65 mph,San Diego Freeway,I 5,South
-117.6618206,33.4919339,5,65 mph,San Diego Freeway,I 5,South
-117.661996,33.4917095,5,65 mph,San Diego Freeway,I 5,South
-117.6622008,33.4914308,5,65 mph,San Diego Freeway,I 5,South
-117.6640063,33.4890132,5,65 mph,San Diego Freeway,I 5,South
-117.6642974,33.4886282,5,65 mph,San Diego Freeway,I 5,South
-117.6642974,33.4886282,"['5', '6']",65 mph,San Diego Freeway,I 5,South
-117.6654515,33.487073,"['5', '6']",65 mph,San Diego Freeway,I 5,South
-117.6666434,33.4855257,"['5', '6']",65 mph,San Diego Freeway,I 5,South
-117.6703087,33.4812934,"['5', '6']",65 mph,San Diego Freeway,I 5,South
-117.6730003,33.4781333,"['5', '6']",65 mph,San Diego Freeway,I 5,South
-117.6732154,33.4778526,"['5', '6']",65 mph,San Diego Freeway,I 5,South
-117.673507,33.4774794,"['5', '6']",65 mph,San Diego Freeway,I 5,South
-117.6736966,33.477166,"['5', '6']",65 mph,San Diego Freeway,I 5,South
-117.6739252,33.4767778,"['5', '6']",65 mph,San Diego Freeway,I 5,South
-117.6740343,33.4765432,"['5', '6']",65 mph,San Diego Freeway,I 5,South
-117.6742223,33.4761496,"['5', '6']",65 mph,San Diego Freeway,I 5,South
-117.6743779,33.4757842,"['5', '6']",65 mph,San Diego Freeway,I 5,South
-117.6745389,33.4752936,"['5', '6']",65 mph,San Diego Freeway,I 5,South
-117.6746662,33.4748589,"['5', '6']",65 mph,San Diego Freeway,I 5,South
-117.6747604,33.4744139,"['5', '6']",65 mph,San Diego Freeway,I 5,South
-117.674842,33.4739198,"['5', '6']",65 mph,San Diego Freeway,I 5,South
-117.6748929,33.47328,"['5', '6']",65 mph,San Diego Freeway,I 5,South
-117.6749232,33.4729096,"['5', '6']",65 mph,San Diego Freeway,I 5,South
-117.6749238,33.4727074,"['5', '6']",65 mph,San Diego Freeway,I 5,South
-117.6749245,33.4724807,"['5', '6']",65 mph,San Diego Freeway,I 5,South
-117.6748834,33.4720679,"['5', '6']",65 mph,San Diego Freeway,I 5,South
-117.674821,33.4716591,"['5', '6']",65 mph,San Diego Freeway,I 5,South
-117.6747426,33.4713559,"['5', '6']",65 mph,San Diego Freeway,I 5,South
-117.6746396,33.4710356,"['5', '6']",65 mph,San Diego Freeway,I 5,South
-117.67443,33.4705557,"['5', '6']",65 mph,San Diego Freeway,I 5,South
-117.6741609,33.4700277,"['5', '6']",65 mph,San Diego Freeway,I 5,South
-117.6739195,33.469654,"['5', '6']",65 mph,San Diego Freeway,I 5,South
-117.6736551,33.4693238,"['5', '6']",65 mph,San Diego Freeway,I 5,South
-117.6736551,33.4693238,5,65 mph,San Diego Freeway,I 5,South
-117.6733846,33.4690313,5,65 mph,San Diego Freeway,I 5,South
-117.673196,33.4688364,5,65 mph,San Diego Freeway,I 5,South
-117.672984,33.4686478,5,65 mph,San Diego Freeway,I 5,South
-117.6727505,33.4684365,5,65 mph,San Diego Freeway,I 5,South
-117.6724776,33.4682253,5,65 mph,San Diego Freeway,I 5,South
-117.6722369,33.4680521,5,65 mph,San Diego Freeway,I 5,South
-117.6719605,33.467876,5,65 mph,San Diego Freeway,I 5,South
-117.6716486,33.4676767,5,65 mph,San Diego Freeway,I 5,South
-117.6713981,33.4675514,5,65 mph,San Diego Freeway,I 5,South
-117.6711708,33.467447,5,65 mph,San Diego Freeway,I 5,South
-117.6701999,33.4670329,5,65 mph,San Diego Freeway,I 5,South
-117.6697038,33.466821,5,65 mph,San Diego Freeway,I 5,South
-117.6693383,33.4666632,5,65 mph,San Diego Freeway,I 5,South
-117.6691572,33.4665732,5,65 mph,San Diego Freeway,I 5,South
-117.6595847,33.4604127,5,65 mph,San Diego Freeway,I 5,South
-117.6591595,33.460242,5,65 mph,San Diego Freeway,I 5,South
-117.6578162,33.4596902,5,65 mph,San Diego Freeway,I 5,South
-117.6569795,33.4592847,5,65 mph,San Diego Freeway,I 5,South
-117.6563583,33.4589304,5,65 mph,San Diego Freeway,I 5,South
-117.6536584,33.4573266,5,65 mph,San Diego Freeway,I 5,South
-117.6517307,33.4562116,5,65 mph,San Diego Freeway,I 5,South
-117.7271758,33.6344028,7,65 mph,San Diego Freeway,I 5,South
-117.7270448,33.6342481,7,65 mph,San Diego Freeway,I 5,South
-117.7265062,33.6335961,7,65 mph,San Diego Freeway,I 5,South
-117.7258375,33.6329368,7,65 mph,San Diego Freeway,I 5,South
-117.7250242,33.6322353,7,65 mph,San Diego Freeway,I 5,South
-117.7238763,33.6312612,7,65 mph,San Diego Freeway,I 5,South
-117.7228752,33.6303547,7,65 mph,San Diego Freeway,I 5,South
-117.7254464,33.632176,1,65 mph,,I 5 Truck,South
-117.7246523,33.6315895,1,65 mph,,I 5 Truck,South
-117.7240812,33.6311771,1,65 mph,,I 5 Truck,South
-117.7228752,33.6303547,1,65 mph,,I 5 Truck,South
-117.7190613,33.6264043,8,65 mph,San Diego Freeway,I 5,South
-117.7171513,33.6243733,8,65 mph,San Diego Freeway,I 5,South
-117.715886,33.6230203,8,65 mph,San Diego Freeway,I 5,South
-117.7132424,33.62014,8,65 mph,San Diego Freeway,I 5,South
-117.7113728,33.6181069,8,65 mph,San Diego Freeway,I 5,South
-117.7207859,33.6283564,8,65 mph,San Diego Freeway,I 5,South
-117.7190613,33.6264043,8,65 mph,San Diego Freeway,I 5,South
-117.6954319,33.6070799,"['5', '7']",65 mph,San Diego Freeway,I 5,South
-117.6944967,33.6066791,"['5', '7']",65 mph,San Diego Freeway,I 5,South
-117.6944133,33.6066419,"['5', '7']",65 mph,San Diego Freeway,I 5,South
-117.6933262,33.606101,"['5', '7']",65 mph,San Diego Freeway,I 5,South
-117.6927098,33.605765,"['5', '7']",65 mph,San Diego Freeway,I 5,South
-117.6919167,33.605314,"['5', '7']",65 mph,San Diego Freeway,I 5,South
-117.6908566,33.6046653,"['5', '7']",65 mph,San Diego Freeway,I 5,South
-117.6900709,33.6041378,"['5', '7']",65 mph,San Diego Freeway,I 5,South
-117.6886655,33.6032187,"['5', '7']",65 mph,San Diego Freeway,I 5,South
-117.6517307,33.4562116,"['5', '6']",65 mph,San Diego Freeway,I 5,South
-117.6500793,33.4554685,"['5', '6']",65 mph,San Diego Freeway,I 5,South
-117.6492982,33.4551404,"['5', '6']",65 mph,San Diego Freeway,I 5,South
-117.6458691,33.4536992,"['5', '6']",65 mph,San Diego Freeway,I 5,South
-117.6447414,33.4531739,"['5', '6']",65 mph,San Diego Freeway,I 5,South
-117.6441029,33.452861,"['5', '6']",65 mph,San Diego Freeway,I 5,South
-117.6434465,33.4525116,"['5', '6']",65 mph,San Diego Freeway,I 5,South
-117.6427285,33.4520686,"['5', '6']",65 mph,San Diego Freeway,I 5,South
-117.641595,33.4513678,"['5', '6']",65 mph,San Diego Freeway,I 5,South
-117.6409732,33.4509121,"['5', '6']",65 mph,San Diego Freeway,I 5,South
-117.6403353,33.4504452,"['5', '6']",65 mph,San Diego Freeway,I 5,South
-117.6386351,33.4492887,"['5', '6']",65 mph,San Diego Freeway,I 5,South
-117.6377583,33.4486596,"['5', '6']",65 mph,San Diego Freeway,I 5,South
-117.6373337,33.4484165,"['5', '6']",65 mph,San Diego Freeway,I 5,South
-117.6347207,33.4470167,"['5', '6']",65 mph,San Diego Freeway,I 5,South
-117.6691572,33.4665732,6,65 mph,San Diego Freeway,I 5,South
-117.6687741,33.4663518,6,65 mph,San Diego Freeway,I 5,South
-117.6680856,33.4659039,6,65 mph,San Diego Freeway,I 5,South
-117.667756,33.4656736,6,65 mph,San Diego Freeway,I 5,South
-117.6670102,33.465202,6,65 mph,San Diego Freeway,I 5,South
-117.6656982,33.4643005,6,65 mph,San Diego Freeway,I 5,South
-117.6656982,33.4643005,6,65 mph,San Diego Freeway,I 5,South
-117.663934,33.4630883,6,65 mph,San Diego Freeway,I 5,South
-117.6610047,33.4610878,6,65 mph,San Diego Freeway,I 5,South
-117.6607861,33.4609666,6,65 mph,San Diego Freeway,I 5,South
-117.6603314,33.4607296,6,65 mph,San Diego Freeway,I 5,South
-117.6595847,33.4604127,6,65 mph,San Diego Freeway,I 5,South
-117.6292867,33.443442,6,65 mph,San Diego Freeway,I 5,South
-117.627369,33.4418005,6,65 mph,San Diego Freeway,I 5,South
-117.7048971,33.6121776,6,65 mph,San Diego Freeway,I 5,South
-117.7041681,33.6115669,6,65 mph,San Diego Freeway,I 5,South
-117.7033411,33.610939,6,65 mph,San Diego Freeway,I 5,South
-117.7030064,33.6106849,6,65 mph,San Diego Freeway,I 5,South
-117.7021739,33.6101457,6,65 mph,San Diego Freeway,I 5,South
-117.7015617,33.6097677,6,65 mph,San Diego Freeway,I 5,South
-117.6954319,33.6070799,6,65 mph,San Diego Freeway,I 5,South
-117.863661,33.7611078,"['5', '6']",65 mph,Santa Ana Freeway,I 5,South
-117.8628674,33.7602259,"['5', '6']",65 mph,Santa Ana Freeway,I 5,South
-117.8626222,33.7599875,"['5', '6']",65 mph,Santa Ana Freeway,I 5,South
-117.8623092,33.7597295,"['5', '6']",65 mph,Santa Ana Freeway,I 5,South
-117.8614815,33.7591043,"['5', '6']",65 mph,Santa Ana Freeway,I 5,South
-117.8607471,33.7586922,"['5', '6']",65 mph,Santa Ana Freeway,I 5,South
-117.8600132,33.7583273,"['5', '6']",65 mph,Santa Ana Freeway,I 5,South
-117.8590615,33.7578615,"['5', '6']",65 mph,Santa Ana Freeway,I 5,South
-117.8186491,33.7353994,6,65 mph,Santa Ana Freeway,I 5,South
-117.818311,33.7352455,6,65 mph,Santa Ana Freeway,I 5,South
-117.8178549,33.7350114,6,65 mph,Santa Ana Freeway,I 5,South
-117.817383,33.7347386,6,65 mph,Santa Ana Freeway,I 5,South
-117.816849,33.7344033,6,65 mph,Santa Ana Freeway,I 5,South
-117.8163072,33.7340355,6,65 mph,Santa Ana Freeway,I 5,South
-117.8157969,33.7336596,6,65 mph,Santa Ana Freeway,I 5,South
-117.8151952,33.7332186,6,65 mph,Santa Ana Freeway,I 5,South
-117.8144646,33.7326745,6,65 mph,Santa Ana Freeway,I 5,South
-117.8126331,33.7313896,6,65 mph,Santa Ana Freeway,I 5,South
-117.7865613,33.7134232,6,65 mph,Santa Ana Freeway,I 5,South
-117.7855519,33.7127101,6,65 mph,Santa Ana Freeway,I 5,South
-117.784056,33.7115049,6,65 mph,Santa Ana Freeway,I 5,South
-117.7831509,33.7106427,6,65 mph,Santa Ana Freeway,I 5,South
-117.7826449,33.710217,6,65 mph,Santa Ana Freeway,I 5,South
-117.7823571,33.7099106,6,65 mph,Santa Ana Freeway,I 5,South
-117.7821815,33.709742,6,65 mph,Santa Ana Freeway,I 5,South
-117.7821405,33.7097011,6,65 mph,Santa Ana Freeway,I 5,South
-118.0063072,33.8706141,6,65 mph,Santa Ana Freeway,I 5,South
-118.0057695,33.8702885,6,65 mph,Santa Ana Freeway,I 5,South
-118.003041,33.8688001,6,65 mph,Santa Ana Freeway,I 5,South
-117.9754612,33.8542742,6,65 mph,Santa Ana Freeway,I 5,South
-117.9745662,33.8535481,6,65 mph,Santa Ana Freeway,I 5,South
-117.9740076,33.8531441,6,65 mph,Santa Ana Freeway,I 5,South
-117.9736356,33.8528874,6,65 mph,Santa Ana Freeway,I 5,South
-117.9730755,33.8525343,6,65 mph,Santa Ana Freeway,I 5,South
-117.9176483,33.8173563,5,65 mph,Santa Ana Freeway,I 5,South
-117.9166737,33.8164264,5,65 mph,Santa Ana Freeway,I 5,South
-117.9730755,33.8525343,6,65 mph,Santa Ana Freeway,I 5,South
-117.971634,33.8517429,6,65 mph,Santa Ana Freeway,I 5,South
-117.9707601,33.851269,6,65 mph,Santa Ana Freeway,I 5,South
-117.9696062,33.8506262,6,65 mph,Santa Ana Freeway,I 5,South
-117.9683655,33.849973,6,65 mph,Santa Ana Freeway,I 5,South
-117.9673181,33.8494262,6,65 mph,Santa Ana Freeway,I 5,South
-117.9657276,33.8486525,6,65 mph,Santa Ana Freeway,I 5,South
-117.9639198,33.8477953,6,65 mph,Santa Ana Freeway,I 5,South
-117.9634166,33.8475567,6,65 mph,Santa Ana Freeway,I 5,South
-117.9352885,33.833784,5,65 mph,Santa Ana Freeway,I 5,South
-117.9342029,33.8333617,5,65 mph,Santa Ana Freeway,I 5,South
-117.9334045,33.8329634,5,65 mph,Santa Ana Freeway,I 5,South
-117.9327835,33.8325719,5,65 mph,Santa Ana Freeway,I 5,South
-117.9321497,33.8320905,5,65 mph,Santa Ana Freeway,I 5,South
-117.9313067,33.8313476,5,65 mph,Santa Ana Freeway,I 5,South
-117.7554543,33.6707387,6,65 mph,Santa Ana Freeway,I 5,South
-117.7553256,33.670371,6,65 mph,Santa Ana Freeway,I 5,South
-117.7552493,33.6701855,6,65 mph,Santa Ana Freeway,I 5,South
-117.7550391,33.6697237,6,65 mph,Santa Ana Freeway,I 5,South
-117.7547446,33.6691953,6,65 mph,Santa Ana Freeway,I 5,South
-117.7544367,33.6687188,6,65 mph,Santa Ana Freeway,I 5,South
-117.7541363,33.6683188,6,65 mph,Santa Ana Freeway,I 5,South
-117.75218,33.6658469,6,65 mph,Santa Ana Freeway,I 5,South
-117.7512292,33.6646414,6,65 mph,Santa Ana Freeway,I 5,South
-117.7507669,33.6640553,6,65 mph,Santa Ana Freeway,I 5,South
-117.8484479,33.7529853,2,65 mph,Santa Ana Freeway,I 5,South
-117.8476483,33.7527004,2,65 mph,Santa Ana Freeway,I 5,South
-117.8484479,33.7529853,6,65 mph,Santa Ana Freeway,I 5,South
-117.8480886,33.7527449,6,65 mph,Santa Ana Freeway,I 5,South
-117.8474171,33.7523556,6,65 mph,Santa Ana Freeway,I 5,South
-117.8470192,33.752089,6,65 mph,Santa Ana Freeway,I 5,South
-117.8460838,33.751313,6,65 mph,Santa Ana Freeway,I 5,South
-117.8454913,33.7508214,6,65 mph,Santa Ana Freeway,I 5,South
-117.8857749,33.787221,7,65 mph,Santa Ana Freeway,I 5,South
-117.8842295,33.7853501,7,65 mph,Santa Ana Freeway,I 5,South
-117.8838198,33.7848868,7,65 mph,Santa Ana Freeway,I 5,South
-117.8834799,33.7845528,7,65 mph,Santa Ana Freeway,I 5,South
-117.8832913,33.7843898,7,65 mph,Santa Ana Freeway,I 5,South
-117.9816748,33.8571773,4,65 mph,Santa Ana Freeway,I 5,South
-117.9810486,33.8568915,4,65 mph,Santa Ana Freeway,I 5,South
-117.9803531,33.8565959,4,65 mph,Santa Ana Freeway,I 5,South
-117.9791187,33.8561743,4,65 mph,Santa Ana Freeway,I 5,South
-117.9784911,33.8559538,4,65 mph,Santa Ana Freeway,I 5,South
-117.9779018,33.8557222,4,65 mph,Santa Ana Freeway,I 5,South
-117.9774715,33.8555297,4,65 mph,Santa Ana Freeway,I 5,South
-117.9769069,33.8552324,4,65 mph,Santa Ana Freeway,I 5,South
-117.9763319,33.854898,4,65 mph,Santa Ana Freeway,I 5,South
-117.9754612,33.8542742,4,65 mph,Santa Ana Freeway,I 5,South
-117.9634166,33.8475567,4,65 mph,Santa Ana Freeway,I 5,South
-117.9627406,33.8472118,4,65 mph,Santa Ana Freeway,I 5,South
-117.9622143,33.8469443,4,65 mph,Santa Ana Freeway,I 5,South
-117.961366,33.8465101,4,65 mph,Santa Ana Freeway,I 5,South
-117.960874,33.8462518,4,65 mph,Santa Ana Freeway,I 5,South
-117.9595178,33.8455773,4,65 mph,Santa Ana Freeway,I 5,South
-117.9144433,33.8142701,5,65 mph,Santa Ana Freeway,I 5,South
-117.911612,33.8115541,5,65 mph,Santa Ana Freeway,I 5,South
-117.9092454,33.8092509,5,65 mph,Santa Ana Freeway,I 5,South
-117.9067526,33.8069093,"['5', '4']",65 mph,Santa Ana Freeway,I 5,South
-117.9064926,33.8066569,"['5', '4']",65 mph,Santa Ana Freeway,I 5,South
-117.9060032,33.8062007,"['5', '4']",65 mph,Santa Ana Freeway,I 5,South
-117.9050388,33.8053735,"['5', '4']",65 mph,Santa Ana Freeway,I 5,South
-117.9047899,33.8051637,"['5', '4']",65 mph,Santa Ana Freeway,I 5,South
-117.9036158,33.8041739,"['5', '4']",65 mph,Santa Ana Freeway,I 5,South
-117.902942,33.8035754,"['5', '4']",65 mph,Santa Ana Freeway,I 5,South
-117.9027292,33.8033709,"['5', '4']",65 mph,Santa Ana Freeway,I 5,South
-117.9025955,33.8032382,"['5', '4']",65 mph,Santa Ana Freeway,I 5,South
-117.8832913,33.7843898,6,65 mph,Santa Ana Freeway,I 5,South
-117.8831157,33.7842202,6,65 mph,Santa Ana Freeway,I 5,South
-117.8823332,33.7834883,6,65 mph,Santa Ana Freeway,I 5,South
-117.8820068,33.7832014,6,65 mph,Santa Ana Freeway,I 5,South
-117.7406391,33.6513879,2,65 mph,,I 5 Truck,South
-117.7405564,33.6511175,2,65 mph,,I 5 Truck,South
-117.7399331,33.6502129,2,65 mph,,I 5 Truck,South
-117.7388489,33.6487107,2,65 mph,,I 5 Truck,South
-117.7386515,33.6483974,2,65 mph,,I 5 Truck,South
-117.7381502,33.6474821,2,65 mph,,I 5 Truck,South
-117.7372623,33.6456228,2,65 mph,,I 5 Truck,South
-117.7370303,33.6451269,2,65 mph,,I 5 Truck,South
-117.7369019,33.6448642,2,65 mph,,I 5 Truck,South
-117.7367157,33.6445679,2,65 mph,,I 5 Truck,South
-117.7364335,33.6442095,2,65 mph,,I 5 Truck,South
-117.7362166,33.6439752,2,65 mph,,I 5 Truck,South
-117.7355675,33.6434273,2,65 mph,,I 5 Truck,South
-117.7406391,33.6513879,4,65 mph,Santa Ana Freeway,I 5,South
-117.7404336,33.6511269,4,65 mph,Santa Ana Freeway,I 5,South
-117.7384605,33.6486353,4,65 mph,Santa Ana Freeway,I 5,South
-117.7369679,33.6467607,4,65 mph,Santa Ana Freeway,I 5,South
-117.7335531,33.6418563,3,65 mph,,I 5 Truck,South
-117.7316372,33.6394847,3,65 mph,,I 5 Truck,South
-117.7355675,33.6434273,2,65 mph,,I 5 Truck,South
-117.7349549,33.6430034,2,65 mph,,I 5 Truck,South
-117.7342768,33.6425175,2,65 mph,,I 5 Truck,South
-117.7335531,33.6418563,2,65 mph,,I 5 Truck,South
-117.7316372,33.6394847,3,65 mph,,I 5 Truck,South
-117.7307749,33.6384088,3,65 mph,,I 5 Truck,South
-117.7300196,33.6374512,3,65 mph,,I 5 Truck,South
-117.7294446,33.6367223,3,65 mph,,I 5 Truck,South
-117.7294446,33.6367223,3,65 mph,,I 5 Truck,South
-117.7283802,33.6354217,3,65 mph,,I 5 Truck,South
-117.7276229,33.6344721,3,65 mph,,I 5 Truck,South
-117.7271681,33.6339043,3,65 mph,,I 5 Truck,South
-117.7263902,33.6330551,3,65 mph,,I 5 Truck,South
-117.7259229,33.6326011,3,65 mph,,I 5 Truck,South
-117.7254464,33.632176,3,65 mph,,I 5 Truck,South
-117.7330451,33.6416618,7,65 mph,San Diego Freeway,I 5,South
-117.7305388,33.6384753,7,65 mph,San Diego Freeway,I 5,South
-117.7283524,33.6358364,7,65 mph,San Diego Freeway,I 5,South
-117.7271758,33.6344028,7,65 mph,San Diego Freeway,I 5,South
-117.9206665,33.8202618,5,65 mph,Santa Ana Freeway,I 5,South
-117.9181621,33.817851,5,65 mph,Santa Ana Freeway,I 5,South
-117.9176483,33.8173563,5,65 mph,Santa Ana Freeway,I 5,South
-117.7988629,33.721999,6,65 mph,Santa Ana Freeway,I 5,South
-117.7987568,33.7219181,6,65 mph,Santa Ana Freeway,I 5,South
-117.7986597,33.7218527,6,65 mph,Santa Ana Freeway,I 5,South
-117.7984357,33.7217026,6,65 mph,Santa Ana Freeway,I 5,South
-117.7980268,33.7214231,6,65 mph,Santa Ana Freeway,I 5,South
-117.7967767,33.7205226,6,65 mph,Santa Ana Freeway,I 5,South
-117.7955739,33.7196994,6,65 mph,Santa Ana Freeway,I 5,South
-117.7952613,33.7194834,6,65 mph,Santa Ana Freeway,I 5,South
-117.7485625,33.6611788,"['6', '7']",65 mph,Santa Ana Freeway,I 5,South
-117.7480383,33.6604915,"['6', '7']",65 mph,Santa Ana Freeway,I 5,South
-117.7472839,33.6595777,"['6', '7']",65 mph,Santa Ana Freeway,I 5,South
-117.7445017,33.6562059,"['6', '7']",65 mph,Santa Ana Freeway,I 5,South
-117.7681337,33.6892444,6,65 mph,Santa Ana Freeway,I 5,South
-117.7678006,33.688695,6,65 mph,Santa Ana Freeway,I 5,South
-117.7658925,33.6857569,6,65 mph,Santa Ana Freeway,I 5,South
-117.7658925,33.6857569,7,65 mph,Santa Ana Freeway,I 5,South
-117.7640026,33.6829504,7,65 mph,Santa Ana Freeway,I 5,South
-117.7629313,33.6817769,7,65 mph,Santa Ana Freeway,I 5,South
-117.7626231,33.6814865,7,65 mph,Santa Ana Freeway,I 5,South
-117.7561436,33.6737449,7,65 mph,Santa Ana Freeway,I 5,South
-117.7560969,33.673533,7,65 mph,Santa Ana Freeway,I 5,South
-117.755933,33.6727381,7,65 mph,Santa Ana Freeway,I 5,South
-117.7556987,33.6717482,7,65 mph,Santa Ana Freeway,I 5,South
-117.7554543,33.6707387,7,65 mph,Santa Ana Freeway,I 5,South
-117.8077992,33.7280529,6,65 mph,Santa Ana Freeway,I 5,South
-117.8071703,33.7276176,6,65 mph,Santa Ana Freeway,I 5,South
-117.8038024,33.7253341,6,65 mph,Santa Ana Freeway,I 5,South
-117.8038024,33.7253341,"['7', '8']",65 mph,Santa Ana Freeway,I 5,South
-117.80358,33.7251833,"['7', '8']",65 mph,Santa Ana Freeway,I 5,South
-117.8024516,33.7244184,"['7', '8']",65 mph,Santa Ana Freeway,I 5,South
-117.7994703,33.7224085,"['7', '8']",65 mph,Santa Ana Freeway,I 5,South
-117.7988629,33.721999,"['7', '8']",65 mph,Santa Ana Freeway,I 5,South
-117.82609,33.7378992,7,65 mph,Santa Ana Freeway,I 5,South
-117.8235812,33.7370924,7,65 mph,Santa Ana Freeway,I 5,South
-117.8230189,33.7369128,7,65 mph,Santa Ana Freeway,I 5,South
-117.8203649,33.7360458,7,65 mph,Santa Ana Freeway,I 5,South
-117.8191869,33.7356274,7,65 mph,Santa Ana Freeway,I 5,South
-117.8186491,33.7353994,7,65 mph,Santa Ana Freeway,I 5,South
-117.8342178,33.7406883,5,65 mph,Santa Ana Freeway,I 5,South
-117.8341372,33.740659,5,65 mph,Santa Ana Freeway,I 5,South
-117.8334978,33.7404335,5,65 mph,Santa Ana Freeway,I 5,South
-117.831205,33.7396078,5,65 mph,Santa Ana Freeway,I 5,South
-117.8301984,33.7392374,5,65 mph,Santa Ana Freeway,I 5,South
-117.8364261,33.741412,4,65 mph,Santa Ana Freeway,I 5,South
-117.8342178,33.7406883,4,65 mph,Santa Ana Freeway,I 5,South
-117.8126331,33.7313896,7,65 mph,Santa Ana Freeway,I 5,South
-117.8120877,33.7310216,7,65 mph,Santa Ana Freeway,I 5,South
-117.8105409,33.7299407,7,65 mph,Santa Ana Freeway,I 5,South
-117.8083657,33.7284501,7,65 mph,Santa Ana Freeway,I 5,South
-117.8077992,33.7280529,7,65 mph,Santa Ana Freeway,I 5,South
-117.872908,33.7746205,4,65 mph,Santa Ana Freeway,I 5,South
-117.8718053,33.7732761,4,65 mph,Santa Ana Freeway,I 5,South
-117.8710696,33.7723827,4,65 mph,Santa Ana Freeway,I 5,South
-117.8706577,33.7718532,4,65 mph,Santa Ana Freeway,I 5,South
-117.8703112,33.7714216,4,65 mph,Santa Ana Freeway,I 5,South
-117.8699047,33.7709252,4,65 mph,Santa Ana Freeway,I 5,South
-117.8694302,33.7703322,4,65 mph,Santa Ana Freeway,I 5,South
-117.8689195,33.7696343,4,65 mph,Santa Ana Freeway,I 5,South
-117.8685003,33.7690193,4,65 mph,Santa Ana Freeway,I 5,South
-117.8668799,33.7664373,4,65 mph,Santa Ana Freeway,I 5,South
-117.8909394,33.7922549,5,65 mph,Santa Ana Freeway,I 5,South
-117.8904639,33.7917973,5,65 mph,Santa Ana Freeway,I 5,South
-117.8901644,33.7915289,5,65 mph,Santa Ana Freeway,I 5,South
-117.9025955,33.8032382,4,65 mph,Santa Ana Freeway,I 5,South
-117.9024811,33.8031319,4,65 mph,Santa Ana Freeway,I 5,South
-117.8996387,33.800395,4,65 mph,Santa Ana Freeway,I 5,South
-117.9092454,33.8092509,5,65 mph,Santa Ana Freeway,I 5,South
-117.9074808,33.8075636,5,65 mph,Santa Ana Freeway,I 5,South
-117.9067526,33.8069093,5,65 mph,Santa Ana Freeway,I 5,South
-117.9271993,33.8276042,1,65 mph,Santa Ana Freeway,I 5,South
-117.9269559,33.8273417,1,65 mph,Santa Ana Freeway,I 5,South
-117.9267864,33.8271578,1,65 mph,Santa Ana Freeway,I 5,South
-117.9264787,33.8268167,1,65 mph,Santa Ana Freeway,I 5,South
-117.9261609,33.826464,1,65 mph,Santa Ana Freeway,I 5,South
-117.9259087,33.826152,1,65 mph,Santa Ana Freeway,I 5,South
-117.9255815,33.8257287,1,65 mph,Santa Ana Freeway,I 5,South
-117.9252811,33.8253588,1,65 mph,Santa Ana Freeway,I 5,South
-117.9241546,33.8239595,1,65 mph,Santa Ana Freeway,I 5,South
-117.9237415,33.8234514,1,65 mph,Santa Ana Freeway,I 5,South
-117.9234478,33.8231357,1,65 mph,Santa Ana Freeway,I 5,South
-117.9231206,33.8227925,1,65 mph,Santa Ana Freeway,I 5,South
-117.9227665,33.8224405,1,65 mph,Santa Ana Freeway,I 5,South
-117.9214295,33.8211741,1,65 mph,Santa Ana Freeway,I 5,South
-117.920594,33.8203548,1,65 mph,Santa Ana Freeway,I 5,South
-117.9197719,33.8195563,1,65 mph,Santa Ana Freeway,I 5,South
-117.9177334,33.8175954,1,65 mph,Santa Ana Freeway,I 5,South
-117.9169193,33.8168294,1,65 mph,Santa Ana Freeway,I 5,South
-117.9524167,33.8414359,5,65 mph,Santa Ana Freeway,I 5,South
-117.9481842,33.8391275,5,65 mph,Santa Ana Freeway,I 5,South
-117.9475309,33.8387712,5,65 mph,Santa Ana Freeway,I 5,South
-117.9758389,33.8547167,"['1', '2']",65 mph,Santa Ana Freeway,I 5,South
-117.9750321,33.8540719,"['1', '2']",65 mph,Santa Ana Freeway,I 5,South
-117.9744501,33.8536419,"['1', '2']",65 mph,Santa Ana Freeway,I 5,South
-117.9739753,33.8532967,"['1', '2']",65 mph,Santa Ana Freeway,I 5,South
-117.9737124,33.8531096,"['1', '2']",65 mph,Santa Ana Freeway,I 5,South
-117.9733852,33.8528958,"['1', '2']",65 mph,Santa Ana Freeway,I 5,South
-117.9731311,33.8527598,"['1', '2']",65 mph,Santa Ana Freeway,I 5,South
-117.9727969,33.852548,"['1', '2']",65 mph,Santa Ana Freeway,I 5,South
-117.9706011,33.851332,"['1', '2']",65 mph,Santa Ana Freeway,I 5,South
-117.9691996,33.850574,"['1', '2']",65 mph,Santa Ana Freeway,I 5,South
-117.967896,33.8498745,"['1', '2']",65 mph,Santa Ana Freeway,I 5,South
-117.9663457,33.8490904,"['1', '2']",65 mph,Santa Ana Freeway,I 5,South
-117.9647514,33.8483143,"['1', '2']",65 mph,Santa Ana Freeway,I 5,South
-117.9636506,33.8477755,"['1', '2']",65 mph,Santa Ana Freeway,I 5,South
-117.9625413,33.8472094,"['1', '2']",65 mph,Santa Ana Freeway,I 5,South
-117.9613139,33.8465599,"['1', '2']",65 mph,Santa Ana Freeway,I 5,South
-117.9591338,33.8454877,"['1', '2']",65 mph,Santa Ana Freeway,I 5,South
-117.9892149,33.8609687,"['5', '4']",65 mph,Santa Ana Freeway,I 5,South
-117.9887063,33.8606279,"['5', '4']",65 mph,Santa Ana Freeway,I 5,South
-117.9878334,33.8601083,"['5', '4']",65 mph,Santa Ana Freeway,I 5,South
-117.987345,33.8598328,"['5', '4']",65 mph,Santa Ana Freeway,I 5,South
-117.9865851,33.8594504,"['5', '4']",65 mph,Santa Ana Freeway,I 5,South
-117.9848438,33.8586384,"['5', '4']",65 mph,Santa Ana Freeway,I 5,South
-117.9816748,33.8571773,"['5', '4']",65 mph,Santa Ana Freeway,I 5,South
-118.003041,33.8688001,"['5', '6']",65 mph,Santa Ana Freeway,I 5,South
-117.9998018,33.8670713,"['5', '6']",65 mph,Santa Ana Freeway,I 5,South
-117.995201,33.8645837,"['5', '6']",65 mph,Santa Ana Freeway,I 5,South
-117.9937527,33.8638038,5,65 mph,Santa Ana Freeway,I 5,South
-117.9928653,33.8633223,5,65 mph,Santa Ana Freeway,I 5,South
-117.9917938,33.8626984,5,65 mph,Santa Ana Freeway,I 5,South
-117.9901594,33.8615929,5,65 mph,Santa Ana Freeway,I 5,South
-117.9892149,33.8609687,5,65 mph,Santa Ana Freeway,I 5,South
-118.0327726,33.8861622,5,65 mph,Santa Ana Freeway,I 5,South
-118.0294519,33.8841953,5,65 mph,Santa Ana Freeway,I 5,South
-118.0272947,33.8828855,5,65 mph,Santa Ana Freeway,I 5,South
-118.0257658,33.8820313,5,65 mph,Santa Ana Freeway,I 5,South
-118.0245322,33.8812922,5,65 mph,Santa Ana Freeway,I 5,South
-118.0241092,33.8810548,5,65 mph,Santa Ana Freeway,I 5,South
-118.0227568,33.8803382,5,65 mph,Santa Ana Freeway,I 5,South
-118.0214937,33.8796721,5,65 mph,Santa Ana Freeway,I 5,South
-117.7605953,33.6796838,6,65 mph,Santa Ana Freeway,I 5,South
-117.7600798,33.6792266,6,65 mph,Santa Ana Freeway,I 5,South
-117.758635,33.6779461,6,65 mph,Santa Ana Freeway,I 5,South
-117.75804,33.6773513,6,65 mph,Santa Ana Freeway,I 5,South
-117.7578679,33.6771533,6,65 mph,Santa Ana Freeway,I 5,South
-117.7575929,33.6767996,6,65 mph,Santa Ana Freeway,I 5,South
-117.7573502,33.6764596,6,65 mph,Santa Ana Freeway,I 5,South
-117.7569657,33.6758734,6,65 mph,Santa Ana Freeway,I 5,South
-117.7565606,33.6750714,6,65 mph,Santa Ana Freeway,I 5,South
-117.7562018,33.6740052,6,65 mph,Santa Ana Freeway,I 5,South
-117.7561436,33.6737449,6,65 mph,Santa Ana Freeway,I 5,South
-117.7821405,33.7097011,"['6', '7']",65 mph,Santa Ana Freeway,I 5,South
-117.7819307,33.7094653,"['6', '7']",65 mph,Santa Ana Freeway,I 5,South
-117.7814136,33.7088943,"['6', '7']",65 mph,Santa Ana Freeway,I 5,South
-117.7806837,33.7080552,"['6', '7']",65 mph,Santa Ana Freeway,I 5,South
-117.7801044,33.707347,"['6', '7']",65 mph,Santa Ana Freeway,I 5,South
-117.7795546,33.7066291,"['6', '7']",65 mph,Santa Ana Freeway,I 5,South
-117.7792018,33.7061547,"['6', '7']",65 mph,Santa Ana Freeway,I 5,South
-117.7952613,33.7194834,7,65 mph,Santa Ana Freeway,I 5,South
-117.7952049,33.719447,7,65 mph,Santa Ana Freeway,I 5,South
-117.7949248,33.7192554,7,65 mph,Santa Ana Freeway,I 5,South
-117.7947185,33.7191089,7,65 mph,Santa Ana Freeway,I 5,South
-117.7938815,33.7185236,7,65 mph,Santa Ana Freeway,I 5,South
-117.7931695,33.7180175,7,65 mph,Santa Ana Freeway,I 5,South
-117.7927952,33.7177498,7,65 mph,Santa Ana Freeway,I 5,South
-117.8454913,33.7508214,5,65 mph,Santa Ana Freeway,I 5,South
-117.84517,33.7504995,5,65 mph,Santa Ana Freeway,I 5,South
-117.845136,33.7504653,5,65 mph,Santa Ana Freeway,I 5,South
-117.8449939,33.7503217,5,65 mph,Santa Ana Freeway,I 5,South
-117.8446179,33.7498868,5,65 mph,Santa Ana Freeway,I 5,South
-117.8442013,33.7493317,5,65 mph,Santa Ana Freeway,I 5,South
-117.843884,33.7488591,5,65 mph,Santa Ana Freeway,I 5,South
-117.8435072,33.7481914,5,65 mph,Santa Ana Freeway,I 5,South
-117.8430638,33.7469605,5,65 mph,Santa Ana Freeway,I 5,South
-117.8424836,33.7454582,5,65 mph,Santa Ana Freeway,I 5,South
-117.8422465,33.745007,5,65 mph,Santa Ana Freeway,I 5,South
-117.8418258,33.7444651,5,65 mph,Santa Ana Freeway,I 5,South
-117.8413859,33.7439276,5,65 mph,Santa Ana Freeway,I 5,South
-117.8409392,33.743497,5,65 mph,Santa Ana Freeway,I 5,South
-117.8965438,33.7973902,5,65 mph,Santa Ana Freeway,I 5,South
-117.8961824,33.7970594,5,65 mph,Santa Ana Freeway,I 5,South
-117.8996387,33.800395,5,65 mph,Santa Ana Freeway,I 5,South
-117.8970428,33.7978747,5,65 mph,Santa Ana Freeway,I 5,South
-117.8965438,33.7973902,5,65 mph,Santa Ana Freeway,I 5,South
-117.8901644,33.7915289,6,65 mph,Santa Ana Freeway,I 5,South
-117.8897558,33.7911392,6,65 mph,Santa Ana Freeway,I 5,South
-117.8889293,33.7903999,6,65 mph,Santa Ana Freeway,I 5,South
-117.8884255,33.7899438,6,65 mph,Santa Ana Freeway,I 5,South
-117.8880964,33.7896618,6,65 mph,Santa Ana Freeway,I 5,South
-117.8871715,33.7888095,6,65 mph,Santa Ana Freeway,I 5,South
-117.8868049,33.7884489,6,65 mph,Santa Ana Freeway,I 5,South
-117.8864591,33.7880816,6,65 mph,Santa Ana Freeway,I 5,South
-117.8857749,33.787221,6,65 mph,Santa Ana Freeway,I 5,South
-117.8668799,33.7664373,5,65 mph,Santa Ana Freeway,I 5,South
-117.8663325,33.7654754,5,65 mph,Santa Ana Freeway,I 5,South
-117.8656218,33.7642293,5,65 mph,Santa Ana Freeway,I 5,South
-117.8650065,33.7632376,5,65 mph,Santa Ana Freeway,I 5,South
-117.9313067,33.8313476,5,65 mph,Santa Ana Freeway,I 5,South
-117.9270411,33.8272713,5,65 mph,Santa Ana Freeway,I 5,South
-117.9268786,33.8271021,5,65 mph,Santa Ana Freeway,I 5,South
-117.926131,33.8262658,5,65 mph,Santa Ana Freeway,I 5,South
-117.9414714,33.835516,"['5', '4']",65 mph,Santa Ana Freeway,I 5,South
-117.9411837,33.8353887,"['5', '4']",65 mph,Santa Ana Freeway,I 5,South
-117.9406912,33.8351849,"['5', '4']",65 mph,Santa Ana Freeway,I 5,South
-117.9404784,33.8351018,"['5', '4']",65 mph,Santa Ana Freeway,I 5,South
-117.9403911,33.8350677,"['5', '4']",65 mph,Santa Ana Freeway,I 5,South
-117.9400477,33.8349427,"['5', '4']",65 mph,Santa Ana Freeway,I 5,South
-117.9396079,33.8348179,"['5', '4']",65 mph,Santa Ana Freeway,I 5,South
-117.9373264,33.834284,"['5', '4']",65 mph,Santa Ana Freeway,I 5,South
-117.995201,33.8645837,5,65 mph,Santa Ana Freeway,I 5,South
-117.9937527,33.8638038,5,65 mph,Santa Ana Freeway,I 5,South
-117.8820068,33.7832014,5,65 mph,Santa Ana Freeway,I 5,South
-117.8817605,33.7829985,5,65 mph,Santa Ana Freeway,I 5,South
-117.8814885,33.7827832,5,65 mph,Santa Ana Freeway,I 5,South
-117.880599,33.7820882,5,65 mph,Santa Ana Freeway,I 5,South
-117.879357,33.7811545,5,65 mph,Santa Ana Freeway,I 5,South
-117.879357,33.7811545,"['5', '4']",65 mph,Santa Ana Freeway,I 5,South
-117.8787651,33.7807021,"['5', '4']",65 mph,Santa Ana Freeway,I 5,South
-117.8772624,33.7793869,"['5', '4']",65 mph,Santa Ana Freeway,I 5,South
-117.8772389,33.7793654,"['5', '4']",65 mph,Santa Ana Freeway,I 5,South
-117.8757398,33.7779701,"['5', '4']",65 mph,Santa Ana Freeway,I 5,South
-117.8751161,33.7773033,"['5', '4']",65 mph,Santa Ana Freeway,I 5,South
-117.872908,33.7746205,"['5', '4']",65 mph,Santa Ana Freeway,I 5,South
-117.8301984,33.7392374,5,65 mph,Santa Ana Freeway,I 5,South
-117.8276826,33.7384106,5,65 mph,Santa Ana Freeway,I 5,South
-117.82609,33.7378992,5,65 mph,Santa Ana Freeway,I 5,South
-117.7369679,33.6467607,"['5', '4']",65 mph,Santa Ana Freeway,I 5,South
-117.7366228,33.6463385,"['5', '4']",65 mph,Santa Ana Freeway,I 5,South
-117.735788,33.6452802,"['5', '4']",65 mph,Santa Ana Freeway,I 5,South
-117.7338675,33.6428798,"['5', '4']",65 mph,Santa Ana Freeway,I 5,South
-117.7330451,33.6416618,"['5', '4']",65 mph,Santa Ana Freeway,I 5,South
-117.7445017,33.6562059,5,65 mph,Santa Ana Freeway,I 5,South
-117.7443224,33.6559813,5,65 mph,Santa Ana Freeway,I 5,South
-117.7415233,33.6524906,5,65 mph,Santa Ana Freeway,I 5,South
-117.7406391,33.6513879,5,65 mph,Santa Ana Freeway,I 5,South
-117.926131,33.8262658,4,65 mph,Santa Ana Freeway,I 5,South
-117.9238164,33.8233999,4,65 mph,Santa Ana Freeway,I 5,South
-117.9233962,33.8229433,4,65 mph,Santa Ana Freeway,I 5,South
-117.922998,33.8225372,4,65 mph,Santa Ana Freeway,I 5,South
-117.9220787,33.8216428,4,65 mph,Santa Ana Freeway,I 5,South
-117.9206665,33.8202618,4,65 mph,Santa Ana Freeway,I 5,South
-117.9475309,33.8387712,4,65 mph,Santa Ana Freeway,I 5,South
-117.9424079,33.8359752,4,65 mph,Santa Ana Freeway,I 5,South
-117.9414714,33.835516,4,65 mph,Santa Ana Freeway,I 5,South
-117.8590615,33.7578615,6,65 mph,Santa Ana Freeway,I 5,South
-117.855887,33.7564175,6,65 mph,Santa Ana Freeway,I 5,South
-117.855887,33.7564175,5,65 mph,Santa Ana Freeway,I 5,South
-117.8539397,33.7555748,5,65 mph,Santa Ana Freeway,I 5,South
-117.8650065,33.7632376,6,65 mph,Santa Ana Freeway,I 5,South
-117.863661,33.7611078,6,65 mph,Santa Ana Freeway,I 5,South
-117.8409392,33.743497,6,65 mph,Santa Ana Freeway,I 5,South
-117.8406846,33.7432973,6,65 mph,Santa Ana Freeway,I 5,South
-117.8403837,33.7430699,6,65 mph,Santa Ana Freeway,I 5,South
-117.8400247,33.7428459,6,65 mph,Santa Ana Freeway,I 5,South
-117.8396413,33.7426322,6,65 mph,Santa Ana Freeway,I 5,South
-117.8390336,33.7423719,6,65 mph,Santa Ana Freeway,I 5,South
-117.8384302,33.7421506,6,65 mph,Santa Ana Freeway,I 5,South
-117.8370552,33.7416464,6,65 mph,Santa Ana Freeway,I 5,South
-117.8370552,33.7416464,5,65 mph,Santa Ana Freeway,I 5,South
-117.836778,33.7415432,5,65 mph,Santa Ana Freeway,I 5,South
-117.8364261,33.741412,5,65 mph,Santa Ana Freeway,I 5,South
-117.7792018,33.7061547,"['6', '7']",65 mph,Santa Ana Freeway,I 5,South
-117.7789456,33.7057742,"['6', '7']",65 mph,Santa Ana Freeway,I 5,South
-117.7681337,33.6892444,"['6', '7']",65 mph,Santa Ana Freeway,I 5,South
-117.7507669,33.6640553,5,65 mph,Santa Ana Freeway,I 5,South
-117.7492246,33.6620043,5,65 mph,Santa Ana Freeway,I 5,South
-117.7485625,33.6611788,5,65 mph,Santa Ana Freeway,I 5,South
-117.8519135,33.7546663,"['7', '8']",65 mph,Santa Ana Freeway,I 5,South
-117.8502101,33.7538316,"['7', '8']",65 mph,Santa Ana Freeway,I 5,South
-117.8494989,33.7534887,"['7', '8']",65 mph,Santa Ana Freeway,I 5,South
-117.8489437,33.7532145,"['7', '8']",65 mph,Santa Ana Freeway,I 5,South
-117.8484479,33.7529853,"['7', '8']",65 mph,Santa Ana Freeway,I 5,South
-117.875989,33.7784148,"['1', '2']",65 mph,Santa Ana Freeway,I 5,South
-117.8756355,33.7780604,"['1', '2']",65 mph,Santa Ana Freeway,I 5,South
-117.8752063,33.7775789,"['1', '2']",65 mph,Santa Ana Freeway,I 5,South
-117.8750127,33.7773548,"['1', '2']",65 mph,Santa Ana Freeway,I 5,South
-117.87474,33.7770359,"['1', '2']",65 mph,Santa Ana Freeway,I 5,South
-117.8745513,33.7768153,"['1', '2']",65 mph,Santa Ana Freeway,I 5,South
-117.8740632,33.7762044,"['1', '2']",65 mph,Santa Ana Freeway,I 5,South
-117.8737413,33.775812,"['1', '2']",65 mph,Santa Ana Freeway,I 5,South
-117.8733014,33.7752725,"['1', '2']",65 mph,Santa Ana Freeway,I 5,South
-117.8728347,33.7746883,"['1', '2']",65 mph,Santa Ana Freeway,I 5,South
-117.8722125,33.7739169,"['1', '2']",65 mph,Santa Ana Freeway,I 5,South
-117.872014,33.7736717,"['1', '2']",65 mph,Santa Ana Freeway,I 5,South
-117.8711557,33.7726238,"['1', '2']",65 mph,Santa Ana Freeway,I 5,South
-117.870888,33.7723306,"['1', '2']",65 mph,Santa Ana Freeway,I 5,South
-117.8705505,33.7719239,"['1', '2']",65 mph,Santa Ana Freeway,I 5,South
-117.8702166,33.7714986,"['1', '2']",65 mph,Santa Ana Freeway,I 5,South
-117.8696912,33.7708401,"['1', '2']",65 mph,Santa Ana Freeway,I 5,South
-117.8692357,33.7702793,"['1', '2']",65 mph,Santa Ana Freeway,I 5,South
-117.868989,33.7699538,"['1', '2']",65 mph,Santa Ana Freeway,I 5,South
-117.8687631,33.7696405,"['1', '2']",65 mph,Santa Ana Freeway,I 5,South
-117.8685062,33.7692671,"['1', '2']",65 mph,Santa Ana Freeway,I 5,South
-117.8678619,33.7682537,"['1', '2']",65 mph,Santa Ana Freeway,I 5,South
-117.8677278,33.7680708,"['1', '2']",65 mph,Santa Ana Freeway,I 5,South
-117.8676312,33.7679326,"['1', '2']",65 mph,Santa Ana Freeway,I 5,South
-117.8672026,33.7671934,"['1', '2']",65 mph,Santa Ana Freeway,I 5,South
-117.8642039,33.7621541,"['1', '2']",65 mph,Santa Ana Freeway,I 5,South
-117.8640054,33.7618464,"['1', '2']",65 mph,Santa Ana Freeway,I 5,South
-117.8638118,33.7615777,"['1', '2']",65 mph,Santa Ana Freeway,I 5,South
-117.8635918,33.7612789,"['1', '2']",65 mph,Santa Ana Freeway,I 5,South
-117.8633665,33.7610202,"['1', '2']",65 mph,Santa Ana Freeway,I 5,South
-117.8631198,33.7607437,"['1', '2']",65 mph,Santa Ana Freeway,I 5,South
-117.8628462,33.7604583,"['1', '2']",65 mph,Santa Ana Freeway,I 5,South
-117.8625994,33.760213,"['1', '2']",65 mph,Santa Ana Freeway,I 5,South
-117.862122,33.7597893,"['1', '2']",65 mph,Santa Ana Freeway,I 5,South
-117.8617846,33.7595184,"['1', '2']",65 mph,Santa Ana Freeway,I 5,South
-117.86143,33.7592764,"['1', '2']",65 mph,Santa Ana Freeway,I 5,South
-117.8611403,33.7590936,"['1', '2']",65 mph,Santa Ana Freeway,I 5,South
-117.8608614,33.7589241,"['1', '2']",65 mph,Santa Ana Freeway,I 5,South
-117.8605985,33.7587724,"['1', '2']",65 mph,Santa Ana Freeway,I 5,South
-117.8602235,33.7585773,"['1', '2']",65 mph,Santa Ana Freeway,I 5,South
-117.8594559,33.758206,"['1', '2']",65 mph,Santa Ana Freeway,I 5,South
-117.8582548,33.7576318,"['1', '2']",65 mph,Santa Ana Freeway,I 5,South
-117.8581609,33.7575891,"['1', '2']",65 mph,Santa Ana Freeway,I 5,South
-117.8572511,33.7571713,"['1', '2']",65 mph,Santa Ana Freeway,I 5,South
-117.855733,33.7565113,"['1', '2']",65 mph,Santa Ana Freeway,I 5,South
-117.8547196,33.756053,"['1', '2']",65 mph,Santa Ana Freeway,I 5,South
-117.8539397,33.7555748,"['1', '2']",65 mph,Santa Ana Freeway,I 5,South
-117.8927914,33.7940496,"['1', '2']",65 mph,Santa Ana Freeway,I 5,South
-117.8916853,33.7930755,"['1', '2']",65 mph,Santa Ana Freeway,I 5,South
-117.8909128,33.7923712,"['1', '2']",65 mph,Santa Ana Freeway,I 5,South
-117.8904281,33.7919294,"['1', '2']",65 mph,Santa Ana Freeway,I 5,South
-117.8898131,33.791377,"['1', '2']",65 mph,Santa Ana Freeway,I 5,South
-117.889679,33.7912432,"['1', '2']",65 mph,Santa Ana Freeway,I 5,South
-117.8880667,33.7897968,"['1', '2']",65 mph,Santa Ana Freeway,I 5,South
-117.8875762,33.7893574,"['1', '2']",65 mph,Santa Ana Freeway,I 5,South
-117.887029,33.7888313,"['1', '2']",65 mph,Santa Ana Freeway,I 5,South
-117.8867876,33.7885995,"['1', '2']",65 mph,Santa Ana Freeway,I 5,South
-117.8865998,33.7884078,"['1', '2']",65 mph,Santa Ana Freeway,I 5,South
-117.8863745,33.7881626,"['1', '2']",65 mph,Santa Ana Freeway,I 5,South
-117.8861385,33.7878906,"['1', '2']",65 mph,Santa Ana Freeway,I 5,South
-117.8858703,33.7875607,"['1', '2']",65 mph,Santa Ana Freeway,I 5,South
-117.8856289,33.787262,"['1', '2']",65 mph,Santa Ana Freeway,I 5,South
-117.8853606,33.7869231,"['1', '2']",65 mph,Santa Ana Freeway,I 5,South
-117.885093,33.7865809,"['1', '2']",65 mph,Santa Ana Freeway,I 5,South
-117.8849047,33.7863302,"['1', '2']",65 mph,Santa Ana Freeway,I 5,South
-117.8845882,33.7859334,"['1', '2']",65 mph,Santa Ana Freeway,I 5,South
-117.8842717,33.7855722,"['1', '2']",65 mph,Santa Ana Freeway,I 5,South
-117.884095,33.7853757,"['1', '2']",65 mph,Santa Ana Freeway,I 5,South
-117.8833935,33.7846926,"['1', '2']",65 mph,Santa Ana Freeway,I 5,South
-117.8822493,33.7835926,"['1', '2']",65 mph,Santa Ana Freeway,I 5,South
-117.8819972,33.7833474,"['1', '2']",65 mph,Santa Ana Freeway,I 5,South
-117.8816109,33.7830264,"['1', '2']",65 mph,Santa Ana Freeway,I 5,South
-117.881332,33.7828034,"['1', '2']",65 mph,Santa Ana Freeway,I 5,South
-117.8811549,33.7826741,"['1', '2']",65 mph,Santa Ana Freeway,I 5,South
-117.8799265,33.7818448,"['1', '2']",65 mph,Santa Ana Freeway,I 5,South
-117.8797066,33.7817066,"['1', '2']",65 mph,Santa Ana Freeway,I 5,South
-117.8794705,33.7815238,"['1', '2']",65 mph,Santa Ana Freeway,I 5,South
-117.8792559,33.7813455,"['1', '2']",65 mph,Santa Ana Freeway,I 5,South
-117.8788804,33.78102,"['1', '2']",65 mph,Santa Ana Freeway,I 5,South
-117.8779148,33.780155,"['1', '2']",65 mph,Santa Ana Freeway,I 5,South
-117.8774106,33.7797136,"['1', '2']",65 mph,Santa Ana Freeway,I 5,South
-117.8769911,33.7793243,"['1', '2']",65 mph,Santa Ana Freeway,I 5,South
-117.875989,33.7784148,"['1', '2']",65 mph,Santa Ana Freeway,I 5,South
-117.8936128,33.794774,1,65 mph,Santa Ana Freeway,I 5,South
-117.8927914,33.7940496,1,65 mph,Santa Ana Freeway,I 5,South
-117.8961824,33.7970594,"['5', '4']",65 mph,Santa Ana Freeway,I 5,South
-117.8954642,33.796376,"['5', '4']",65 mph,Santa Ana Freeway,I 5,South
-117.8949919,33.7959294,"['5', '4']",65 mph,Santa Ana Freeway,I 5,South
-117.8938703,33.7949125,"['5', '4']",65 mph,Santa Ana Freeway,I 5,South
-117.8938703,33.7949125,4,65 mph,Santa Ana Freeway,I 5,South
-117.8914398,33.7927087,4,65 mph,Santa Ana Freeway,I 5,South
-117.8909394,33.7922549,4,65 mph,Santa Ana Freeway,I 5,South
-117.896399,33.7973873,1,65 mph,Santa Ana Freeway,I 5,South
-117.8953497,33.7963801,1,65 mph,Santa Ana Freeway,I 5,South
-117.8948938,33.7959164,1,65 mph,Santa Ana Freeway,I 5,South
-117.8936128,33.794774,1,65 mph,Santa Ana Freeway,I 5,South
-117.9034124,33.8041167,1,65 mph,Santa Ana Freeway,I 5,South
-117.9028111,33.8035693,1,65 mph,Santa Ana Freeway,I 5,South
-117.9023177,33.8031332,1,65 mph,Santa Ana Freeway,I 5,South
-117.8974252,33.7983894,1,65 mph,Santa Ana Freeway,I 5,South
-117.896399,33.7973873,1,65 mph,Santa Ana Freeway,I 5,South
-117.9169193,33.8168294,"['1', '2']",65 mph,Santa Ana Freeway,I 5,South
-117.9142765,33.8142752,"['1', '2']",65 mph,Santa Ana Freeway,I 5,South
-117.9102822,33.8104106,"['1', '2']",65 mph,Santa Ana Freeway,I 5,South
-117.9074861,33.8077237,"['1', '2']",65 mph,Santa Ana Freeway,I 5,South
-117.9070007,33.8072467,"['1', '2']",65 mph,Santa Ana Freeway,I 5,South
-117.9065743,33.8068543,"['1', '2']",65 mph,Santa Ana Freeway,I 5,South
-117.9065018,33.8067876,"['1', '2']",65 mph,Santa Ana Freeway,I 5,South
-117.9059948,33.8063263,"['1', '2']",65 mph,Santa Ana Freeway,I 5,South
-117.9034124,33.8041167,"['1', '2']",65 mph,Santa Ana Freeway,I 5,South
-117.9166737,33.8164264,5,65 mph,Santa Ana Freeway,I 5,South
-117.9157355,33.815551,5,65 mph,Santa Ana Freeway,I 5,South
-117.9156391,33.8154601,5,65 mph,Santa Ana Freeway,I 5,South
-117.9144433,33.8142701,5,65 mph,Santa Ana Freeway,I 5,South
-117.9373264,33.834284,5,65 mph,Santa Ana Freeway,I 5,South
-117.9364732,33.8341041,5,65 mph,Santa Ana Freeway,I 5,South
-117.9357297,33.8339185,5,65 mph,Santa Ana Freeway,I 5,South
-117.9352885,33.833784,5,65 mph,Santa Ana Freeway,I 5,South
-117.9367462,33.8342585,"['1', '2']",65 mph,Santa Ana Freeway,I 5,South
-117.9358611,33.8340491,"['1', '2']",65 mph,Santa Ana Freeway,I 5,South
-117.935436,33.8339192,"['1', '2']",65 mph,Santa Ana Freeway,I 5,South
-117.934976,33.8337594,"['1', '2']",65 mph,Santa Ana Freeway,I 5,South
-117.9345093,33.8335812,"['1', '2']",65 mph,Santa Ana Freeway,I 5,South
-117.9340412,33.8333711,"['1', '2']",65 mph,Santa Ana Freeway,I 5,South
-117.933608,33.8331623,"['1', '2']",65 mph,Santa Ana Freeway,I 5,South
-117.9331628,33.8329083,"['1', '2']",65 mph,Santa Ana Freeway,I 5,South
-117.9328141,33.83269,"['1', '2']",65 mph,Santa Ana Freeway,I 5,South
-117.9324118,33.8324048,"['1', '2']",65 mph,Santa Ana Freeway,I 5,South
-117.9321117,33.832176,"['1', '2']",65 mph,Santa Ana Freeway,I 5,South
-117.9318163,33.8319414,"['1', '2']",65 mph,Santa Ana Freeway,I 5,South
-117.9315146,33.8316912,"['1', '2']",65 mph,Santa Ana Freeway,I 5,South
-117.9300451,33.8303351,"['1', '2']",65 mph,Santa Ana Freeway,I 5,South
-117.9275127,33.8279257,"['1', '2']",65 mph,Santa Ana Freeway,I 5,South
-117.9271993,33.8276042,"['1', '2']",65 mph,Santa Ana Freeway,I 5,South
-117.9595178,33.8455773,5,65 mph,Santa Ana Freeway,I 5,South
-117.9592822,33.8454422,5,65 mph,Santa Ana Freeway,I 5,South
-117.9577051,33.8446046,5,65 mph,Santa Ana Freeway,I 5,South
-117.9569977,33.8441254,5,65 mph,Santa Ana Freeway,I 5,South
-117.9555077,33.8431109,5,65 mph,Santa Ana Freeway,I 5,South
-117.9546516,33.8425961,5,65 mph,Santa Ana Freeway,I 5,South
-117.9537061,33.8421338,5,65 mph,Santa Ana Freeway,I 5,South
-117.9524167,33.8414359,5,65 mph,Santa Ana Freeway,I 5,South
-117.9591338,33.8454877,1,65 mph,Santa Ana Freeway,I 5,South
-117.9586853,33.8452633,1,65 mph,Santa Ana Freeway,I 5,South
-117.9583916,33.8451036,1,65 mph,Santa Ana Freeway,I 5,South
-117.958043,33.8449031,1,65 mph,Santa Ana Freeway,I 5,South
-117.9576728,33.8446759,1,65 mph,Santa Ana Freeway,I 5,South
-117.957237,33.8443856,1,65 mph,Santa Ana Freeway,I 5,South
-117.9568078,33.8441049,1,65 mph,Santa Ana Freeway,I 5,South
-117.9558435,33.8434506,1,65 mph,Santa Ana Freeway,I 5,South
-117.9554734,33.8432145,1,65 mph,Santa Ana Freeway,I 5,South
-117.9551515,33.843014,1,65 mph,Santa Ana Freeway,I 5,South
-117.9547385,33.8427645,1,65 mph,Santa Ana Freeway,I 5,South
-117.9543241,33.8425455,1,65 mph,Santa Ana Freeway,I 5,South
-117.9531063,33.8418772,1,65 mph,Santa Ana Freeway,I 5,South
-117.9517129,33.8411293,1,65 mph,Santa Ana Freeway,I 5,South
-117.9458215,33.8379339,1,65 mph,Santa Ana Freeway,I 5,South
-117.942103,33.8359305,1,65 mph,Santa Ana Freeway,I 5,South
-117.9420503,33.8359021,1,65 mph,Santa Ana Freeway,I 5,South
-117.9416439,33.8356888,1,65 mph,Santa Ana Freeway,I 5,South
-117.9411611,33.8354616,1,65 mph,Santa Ana Freeway,I 5,South
-117.9408393,33.8353279,1,65 mph,Santa Ana Freeway,I 5,South
-117.9404463,33.8351936,1,65 mph,Santa Ana Freeway,I 5,South
-117.9397629,33.8349833,1,65 mph,Santa Ana Freeway,I 5,South
-117.9395008,33.8349117,1,65 mph,Santa Ana Freeway,I 5,South
-117.9367462,33.8342585,1,65 mph,Santa Ana Freeway,I 5,South
-117.7927952,33.7177498,7,65 mph,Santa Ana Freeway,I 5,South
-117.7909591,33.7164991,7,65 mph,Santa Ana Freeway,I 5,South
-117.7905787,33.7162243,7,65 mph,Santa Ana Freeway,I 5,South
-117.7869491,33.7136929,7,65 mph,Santa Ana Freeway,I 5,South
-117.7865613,33.7134232,7,65 mph,Santa Ana Freeway,I 5,South
-118.0518879,33.8964897,5,65 mph,Santa Ana Freeway,I 5,South
-118.0506038,33.8957523,5,65 mph,Santa Ana Freeway,I 5,South
-118.0487027,33.8946286,5,65 mph,Santa Ana Freeway,I 5,South
-118.0466884,33.8934371,5,65 mph,Santa Ana Freeway,I 5,South
-118.0445361,33.8922553,5,65 mph,Santa Ana Freeway,I 5,South
-118.041659,33.8907531,5,65 mph,Santa Ana Freeway,I 5,South
-117.985823,33.8592249,1,65 mph,Santa Ana Freeway,I 5,South
-117.98523,33.8589308,1,65 mph,Santa Ana Freeway,I 5,South
-117.9847386,33.858706,1,65 mph,Santa Ana Freeway,I 5,South
-117.9838609,33.8583008,1,65 mph,Santa Ana Freeway,I 5,South
-117.9821163,33.8574842,1,65 mph,Santa Ana Freeway,I 5,South
-117.9813424,33.8571528,1,65 mph,Santa Ana Freeway,I 5,South
-117.9804616,33.8568365,1,65 mph,Santa Ana Freeway,I 5,South
-117.9790347,33.8562908,1,65 mph,Santa Ana Freeway,I 5,South
-117.9777679,33.8557825,1,65 mph,Santa Ana Freeway,I 5,South
-117.9772744,33.8555687,1,65 mph,Santa Ana Freeway,I 5,South
-117.9768267,33.8553319,1,65 mph,Santa Ana Freeway,I 5,South
-117.9758389,33.8547167,1,65 mph,Santa Ana Freeway,I 5,South
-118.041659,33.8907531,6,65 mph,Santa Ana Freeway,I 5,South
-118.0405015,33.890158,6,65 mph,Santa Ana Freeway,I 5,South
-118.0397763,33.8897813,6,65 mph,Santa Ana Freeway,I 5,South
-118.0382198,33.8889923,6,65 mph,Santa Ana Freeway,I 5,South
-118.0365054,33.8881234,6,65 mph,Santa Ana Freeway,I 5,South
-118.0352673,33.8874942,6,65 mph,Santa Ana Freeway,I 5,South
-118.0337038,33.8866722,6,65 mph,Santa Ana Freeway,I 5,South
-118.0333842,33.8864995,6,65 mph,Santa Ana Freeway,I 5,South
-118.0329102,33.8862397,6,65 mph,Santa Ana Freeway,I 5,South
-118.0327726,33.8861622,6,65 mph,Santa Ana Freeway,I 5,South
-117.7626231,33.6814865,6,65 mph,Santa Ana Freeway,I 5,South
-117.7622515,33.6811364,6,65 mph,Santa Ana Freeway,I 5,South
-117.7610905,33.6801218,6,65 mph,Santa Ana Freeway,I 5,South
-117.7605953,33.6796838,6,65 mph,Santa Ana Freeway,I 5,South
-118.0214937,33.8796721,"['5', '6']",65 mph,Santa Ana Freeway,I 5,South
-118.0185725,33.8783101,"['5', '6']",65 mph,Santa Ana Freeway,I 5,South
-118.0172047,33.8776954,"['5', '6']",65 mph,Santa Ana Freeway,I 5,South
-118.0167449,33.8774888,"['5', '6']",65 mph,Santa Ana Freeway,I 5,South
-118.0165942,33.877421,"['5', '6']",65 mph,Santa Ana Freeway,I 5,South
-118.0165942,33.877421,5,65 mph,Santa Ana Freeway,I 5,South
-118.0164683,33.8773729,5,65 mph,Santa Ana Freeway,I 5,South
-118.0161205,33.8772199,5,65 mph,Santa Ana Freeway,I 5,South
-118.015777,33.8770579,5,65 mph,Santa Ana Freeway,I 5,South
-118.0153054,33.8768419,5,65 mph,Santa Ana Freeway,I 5,South
-118.0146459,33.8765181,5,65 mph,Santa Ana Freeway,I 5,South
-118.0140455,33.876218,5,65 mph,Santa Ana Freeway,I 5,South
-118.0133822,33.8758392,5,65 mph,Santa Ana Freeway,I 5,South
-118.0126714,33.8754106,5,65 mph,Santa Ana Freeway,I 5,South
-118.0121555,33.8750801,5,65 mph,Santa Ana Freeway,I 5,South
-118.0116748,33.8747383,5,65 mph,Santa Ana Freeway,I 5,South
-118.0112491,33.8744365,5,65 mph,Santa Ana Freeway,I 5,South
-118.0108466,33.8741407,5,65 mph,Santa Ana Freeway,I 5,South
-118.0103137,33.8736965,5,65 mph,Santa Ana Freeway,I 5,South
-118.0096861,33.8731202,5,65 mph,Santa Ana Freeway,I 5,South
-118.0091104,33.872613,5,65 mph,Santa Ana Freeway,I 5,South
-118.0085058,33.8720993,5,65 mph,Santa Ana Freeway,I 5,South
-118.0074609,33.8713242,5,65 mph,Santa Ana Freeway,I 5,South
-118.0063072,33.8706141,5,65 mph,Santa Ana Freeway,I 5,South
-117.8539397,33.7555748,7,65 mph,Santa Ana Freeway,I 5,South
-117.8521564,33.7547861,7,65 mph,Santa Ana Freeway,I 5,South
-117.8519135,33.7546663,7,65 mph,Santa Ana Freeway,I 5,South
-118.1581677,34.0082057,4,65 mph,Santa Ana Freeway,I 5,South
-118.1578212,34.0079146,4,65 mph,Santa Ana Freeway,I 5,South
-118.1576692,34.007801,4,65 mph,Santa Ana Freeway,I 5,South
-118.1572444,34.0075152,4,65 mph,Santa Ana Freeway,I 5,South
-118.1569102,34.0073241,4,65 mph,Santa Ana Freeway,I 5,South
-118.156574,34.0071248,4,65 mph,Santa Ana Freeway,I 5,South
-118.1564492,34.0070557,4,65 mph,Santa Ana Freeway,I 5,South
-118.1562813,34.0069539,4,65 mph,Santa Ana Freeway,I 5,South
-118.1559168,34.0067058,4,65 mph,Santa Ana Freeway,I 5,South
-118.1633759,34.0122369,4,65 mph,Santa Ana Freeway,I 5,South
-118.1629428,34.0120444,4,65 mph,Santa Ana Freeway,I 5,South
-118.1617074,34.0114892,4,65 mph,Santa Ana Freeway,I 5,South
-118.1612065,34.0112039,4,65 mph,Santa Ana Freeway,I 5,South
-118.1609066,34.0110008,4,65 mph,Santa Ana Freeway,I 5,South
-118.0946867,33.9380866,"['5', '6']",65 mph,Santa Ana Freeway,I 5,South
-118.0934317,33.9362107,"['5', '6']",65 mph,Santa Ana Freeway,I 5,South
-118.0926293,33.935028,"['5', '6']",65 mph,Santa Ana Freeway,I 5,South
-118.0922247,33.93441,"['5', '6']",65 mph,Santa Ana Freeway,I 5,South
-118.0916412,33.933586,"['5', '6']",65 mph,Santa Ana Freeway,I 5,South
-118.0909906,33.9325726,"['5', '6']",65 mph,Santa Ana Freeway,I 5,South
-118.1275332,33.9783911,4,65 mph,Santa Ana Freeway,I 5,South
-118.1267062,33.9775241,4,65 mph,Santa Ana Freeway,I 5,South
-118.1264899,33.9772445,4,65 mph,Santa Ana Freeway,I 5,South
-118.1261592,33.9768021,4,65 mph,Santa Ana Freeway,I 5,South
-118.12589,33.976434,4,65 mph,Santa Ana Freeway,I 5,South
-118.1251919,33.9754149,4,65 mph,Santa Ana Freeway,I 5,South
-118.1251919,33.9754149,"['5', '4']",65 mph,Santa Ana Freeway,I 5,South
-118.1250565,33.9752427,"['5', '4']",65 mph,Santa Ana Freeway,I 5,South
-118.1244959,33.9745241,"['5', '4']",65 mph,Santa Ana Freeway,I 5,South
-118.1239004,33.9736795,"['5', '4']",65 mph,Santa Ana Freeway,I 5,South
-118.123455,33.97282,"['5', '4']",65 mph,Santa Ana Freeway,I 5,South
-118.1232666,33.9723179,"['5', '4']",65 mph,Santa Ana Freeway,I 5,South
-118.1229047,33.9711464,"['5', '4']",65 mph,Santa Ana Freeway,I 5,South
-118.122528,33.9699053,"['5', '4']",65 mph,Santa Ana Freeway,I 5,South
-118.121693,33.9672475,"['5', '4']",65 mph,Santa Ana Freeway,I 5,South
-118.1214942,33.9666172,"['5', '4']",65 mph,Santa Ana Freeway,I 5,South
-118.0953438,33.9390809,4,55 mph,Santa Ana Freeway,I 5,South
-118.0946867,33.9380866,4,55 mph,Santa Ana Freeway,I 5,South
-118.1700735,34.0149785,4,65 mph,Santa Ana Freeway,I 5,South
-118.1690869,34.0147144,4,65 mph,Santa Ana Freeway,I 5,South
-118.1685901,34.014558,4,65 mph,Santa Ana Freeway,I 5,South
-118.168151,34.014393,4,65 mph,Santa Ana Freeway,I 5,South
-118.1676159,34.0141629,4,65 mph,Santa Ana Freeway,I 5,South
-118.1665656,34.0136774,4,65 mph,Santa Ana Freeway,I 5,South
-118.165496,34.0131971,4,65 mph,Santa Ana Freeway,I 5,South
-118.1633759,34.0122369,4,65 mph,Santa Ana Freeway,I 5,South
-118.1473741,33.9983942,4,65 mph,Santa Ana Freeway,I 5,South
-118.1472605,33.9982325,4,65 mph,Santa Ana Freeway,I 5,South
-118.1469618,33.9977476,4,65 mph,Santa Ana Freeway,I 5,South
-118.1467421,33.9973887,4,65 mph,Santa Ana Freeway,I 5,South
-118.1465099,33.9969999,4,65 mph,Santa Ana Freeway,I 5,South
-118.1463783,33.9967981,4,65 mph,Santa Ana Freeway,I 5,South
-118.1462341,33.9965855,4,65 mph,Santa Ana Freeway,I 5,South
-118.1460575,33.9963395,4,65 mph,Santa Ana Freeway,I 5,South
-118.145783,33.9960189,4,65 mph,Santa Ana Freeway,I 5,South
-118.1454179,33.9956236,4,65 mph,Santa Ana Freeway,I 5,South
-118.1448251,33.9950024,4,65 mph,Santa Ana Freeway,I 5,South
-118.1436201,33.9937548,4,65 mph,Santa Ana Freeway,I 5,South
-118.1376672,33.987596,4,65 mph,Santa Ana Freeway,I 5,South
-118.137558,33.9874742,4,65 mph,Santa Ana Freeway,I 5,South
-118.1373786,33.9872936,4,65 mph,Santa Ana Freeway,I 5,South
-118.1371518,33.9870612,4,65 mph,Santa Ana Freeway,I 5,South
-118.1364996,33.9865049,4,65 mph,Santa Ana Freeway,I 5,South
-118.1342937,33.9850037,4,65 mph,Santa Ana Freeway,I 5,South
-118.1336156,33.9844841,4,65 mph,Santa Ana Freeway,I 5,South
-118.1330027,33.9838747,4,65 mph,Santa Ana Freeway,I 5,South
-118.1330027,33.9838747,4,65 mph,Santa Ana Freeway,I 5,South
-118.1321446,33.9830215,4,65 mph,Santa Ana Freeway,I 5,South
-118.1275332,33.9783911,4,65 mph,Santa Ana Freeway,I 5,South
-118.1191492,33.9631526,4,65 mph,Santa Ana Freeway,I 5,South
-118.1185788,33.9626919,4,65 mph,Santa Ana Freeway,I 5,South
-118.1180021,33.962267,4,65 mph,Santa Ana Freeway,I 5,South
-118.1167978,33.9613972,4,65 mph,Santa Ana Freeway,I 5,South
-118.1143545,33.9596724,4,65 mph,Santa Ana Freeway,I 5,South
-118.1559168,34.0067058,4,65 mph,Santa Ana Freeway,I 5,South
-118.1554297,34.0063346,4,65 mph,Santa Ana Freeway,I 5,South
-118.1549683,34.0059588,4,65 mph,Santa Ana Freeway,I 5,South
-118.1522389,34.0035638,4,65 mph,Santa Ana Freeway,I 5,South
-118.1518375,34.0031801,4,65 mph,Santa Ana Freeway,I 5,South
-118.151451,34.0027884,4,65 mph,Santa Ana Freeway,I 5,South
-118.1511277,34.0024485,4,65 mph,Santa Ana Freeway,I 5,South
-118.1501143,34.0013881,4,65 mph,Santa Ana Freeway,I 5,South
-118.1498372,34.0010942,4,65 mph,Santa Ana Freeway,I 5,South
-118.1496413,34.0008902,4,65 mph,Santa Ana Freeway,I 5,South
-118.1491218,34.0003446,4,65 mph,Santa Ana Freeway,I 5,South
-118.1485224,33.9997204,4,65 mph,Santa Ana Freeway,I 5,South
-118.1480594,33.9992363,4,65 mph,Santa Ana Freeway,I 5,South
-118.147816,33.9989793,4,65 mph,Santa Ana Freeway,I 5,South
-118.1475518,33.998643,4,65 mph,Santa Ana Freeway,I 5,South
-118.1473741,33.9983942,4,65 mph,Santa Ana Freeway,I 5,South
-118.0575447,33.8995247,6,65 mph,Santa Ana Freeway,I 5,South
-118.0558326,33.8986453,6,65 mph,Santa Ana Freeway,I 5,South
-118.0529637,33.8971083,6,65 mph,Santa Ana Freeway,I 5,South
-118.0518879,33.8964897,6,65 mph,Santa Ana Freeway,I 5,South
-118.1143545,33.9596724,4,65 mph,Santa Ana Freeway,I 5,South
-118.1120247,33.9579885,4,65 mph,Santa Ana Freeway,I 5,South
-118.1115609,33.9576304,4,65 mph,Santa Ana Freeway,I 5,South
-118.1113181,33.9574501,4,65 mph,Santa Ana Freeway,I 5,South
-118.1609066,34.0110008,4,65 mph,Santa Ana Freeway,I 5,South
-118.1605728,34.0107314,4,65 mph,Santa Ana Freeway,I 5,South
-118.1602501,34.0104339,4,65 mph,Santa Ana Freeway,I 5,South
-118.1599797,34.0101625,4,65 mph,Santa Ana Freeway,I 5,South
-118.1590366,34.0091264,4,65 mph,Santa Ana Freeway,I 5,South
-118.1581677,34.0082057,4,65 mph,Santa Ana Freeway,I 5,South
-118.1113181,33.9574501,4,65 mph,Santa Ana Freeway,I 5,South
-118.1097552,33.9563265,4,65 mph,Santa Ana Freeway,I 5,South
-118.0991004,33.944723,3,"['55 mph', '65 mph']",Santa Ana Freeway,I 5,South
-118.0983564,33.9436805,3,"['55 mph', '65 mph']",Santa Ana Freeway,I 5,South
-118.0973335,33.9421221,3,"['55 mph', '65 mph']",Santa Ana Freeway,I 5,South
-118.0962553,33.9404942,3,"['55 mph', '65 mph']",Santa Ana Freeway,I 5,South
-118.0957096,33.9396736,3,"['55 mph', '65 mph']",Santa Ana Freeway,I 5,South
-118.0953438,33.9390809,3,"['55 mph', '65 mph']",Santa Ana Freeway,I 5,South
-118.1214942,33.9666172,4,65 mph,Santa Ana Freeway,I 5,South
-118.1213129,33.9661072,4,65 mph,Santa Ana Freeway,I 5,South
-118.1208527,33.965202,4,65 mph,Santa Ana Freeway,I 5,South
-118.1203541,33.9644607,4,65 mph,Santa Ana Freeway,I 5,South
-118.1200188,33.9640478,4,65 mph,Santa Ana Freeway,I 5,South
-118.1196328,33.9636255,4,65 mph,Santa Ana Freeway,I 5,South
-118.1195334,33.9635179,4,65 mph,Santa Ana Freeway,I 5,South
-118.1191492,33.9631526,4,65 mph,Santa Ana Freeway,I 5,South
-118.1436201,33.9937548,"['5', '4']",65 mph,Santa Ana Freeway,I 5,South
-118.1433879,33.9935135,"['5', '4']",65 mph,Santa Ana Freeway,I 5,South
-118.1405533,33.9906173,"['5', '4']",65 mph,Santa Ana Freeway,I 5,South
-118.1393062,33.9893029,"['5', '4']",65 mph,Santa Ana Freeway,I 5,South
-118.1380926,33.9880495,"['5', '4']",65 mph,Santa Ana Freeway,I 5,South
-118.1378809,33.9878179,"['5', '4']",65 mph,Santa Ana Freeway,I 5,South
-118.1377648,33.987691,"['5', '4']",65 mph,Santa Ana Freeway,I 5,South
-118.1376672,33.987596,"['5', '4']",65 mph,Santa Ana Freeway,I 5,South
-118.0825045,33.9204622,5,65 mph,Santa Ana Freeway,I 5,South
-118.082084,33.91989,5,65 mph,Santa Ana Freeway,I 5,South
-118.0814705,33.9190457,5,65 mph,Santa Ana Freeway,I 5,South
-118.0810557,33.918442,5,65 mph,Santa Ana Freeway,I 5,South
-118.080337,33.9173969,5,65 mph,Santa Ana Freeway,I 5,South
-118.0798593,33.9168252,5,65 mph,Santa Ana Freeway,I 5,South
-118.0793433,33.9162232,5,65 mph,Santa Ana Freeway,I 5,South
-118.0788423,33.9157089,5,65 mph,Santa Ana Freeway,I 5,South
-118.0784993,33.9153727,5,65 mph,Santa Ana Freeway,I 5,South
-118.0781413,33.9150245,5,65 mph,Santa Ana Freeway,I 5,South
-118.0772899,33.914301,5,65 mph,Santa Ana Freeway,I 5,South
-118.076501,33.9137271,5,65 mph,Santa Ana Freeway,I 5,South
-118.0755676,33.913093,5,65 mph,Santa Ana Freeway,I 5,South
-118.0746414,33.9125568,5,65 mph,Santa Ana Freeway,I 5,South
-118.0740075,33.912193,5,65 mph,Santa Ana Freeway,I 5,South
-118.0733381,33.9118242,5,65 mph,Santa Ana Freeway,I 5,South
-118.0724706,33.9113362,5,65 mph,Santa Ana Freeway,I 5,South
-118.0712538,33.9105673,5,65 mph,Santa Ana Freeway,I 5,South
-118.0705614,33.910009,5,65 mph,Santa Ana Freeway,I 5,South
-118.0701569,33.9096769,5,65 mph,Santa Ana Freeway,I 5,South
-118.0697116,33.9092867,5,65 mph,Santa Ana Freeway,I 5,South
-118.0687907,33.9083891,5,65 mph,Santa Ana Freeway,I 5,South
-118.0660698,33.9056744,5,"['55 mph', '65 mph']",Santa Ana Freeway,I 5,South
-118.0648143,33.9044507,5,"['55 mph', '65 mph']",Santa Ana Freeway,I 5,South
-118.0641059,33.9038067,5,"['55 mph', '65 mph']",Santa Ana Freeway,I 5,South
-118.0625472,33.9025328,5,"['55 mph', '65 mph']",Santa Ana Freeway,I 5,South
-118.0620021,33.9021408,5,"['55 mph', '65 mph']",Santa Ana Freeway,I 5,South
-118.0604061,33.9011709,5,"['55 mph', '65 mph']",Santa Ana Freeway,I 5,South
-118.0575447,33.8995247,5,"['55 mph', '65 mph']",Santa Ana Freeway,I 5,South
-118.0687907,33.9083891,5,65 mph,Santa Ana Freeway,I 5,South
-118.0660698,33.9056744,5,65 mph,Santa Ana Freeway,I 5,South
-118.1097552,33.9563265,4,65 mph,Santa Ana Freeway,I 5,South
-118.1069213,33.9542892,4,65 mph,Santa Ana Freeway,I 5,South
-118.105734,33.9534374,4,65 mph,Santa Ana Freeway,I 5,South
-118.105037,33.9529122,4,65 mph,Santa Ana Freeway,I 5,South
-118.104376,33.9523169,4,65 mph,Santa Ana Freeway,I 5,South
-118.1035441,33.9514035,4,65 mph,Santa Ana Freeway,I 5,South
-118.103195,33.95092,4,65 mph,Santa Ana Freeway,I 5,South
-118.0996827,33.9456721,4,65 mph,Santa Ana Freeway,I 5,South
-118.0991004,33.944723,4,65 mph,Santa Ana Freeway,I 5,South
-118.0909906,33.9325726,"['5', '6']",65 mph,Santa Ana Freeway,I 5,South
-118.0906975,33.9321633,"['5', '6']",65 mph,Santa Ana Freeway,I 5,South
-118.0893271,33.9302721,"['5', '6']",65 mph,Santa Ana Freeway,I 5,South
-118.0887585,33.9294744,"['5', '6']",65 mph,Santa Ana Freeway,I 5,South
-118.0886193,33.9292704,"['5', '6']",65 mph,Santa Ana Freeway,I 5,South
-118.0873672,33.9274457,"['5', '6']",65 mph,Santa Ana Freeway,I 5,South
-118.0867419,33.9265238,"['5', '6']",65 mph,Santa Ana Freeway,I 5,South
-118.0856627,33.92495,"['5', '6']",65 mph,Santa Ana Freeway,I 5,South
-118.0844432,33.9232313,"['5', '6']",65 mph,Santa Ana Freeway,I 5,South
-118.0832648,33.9215702,"['5', '6']",65 mph,Santa Ana Freeway,I 5,South
-118.0825401,33.9205148,"['5', '6']",65 mph,Santa Ana Freeway,I 5,South
-118.0825045,33.9204622,"['5', '6']",65 mph,Santa Ana Freeway,I 5,South
-118.2189695,34.0405274,5,55 mph,Golden State Freeway,I 5;I 10,South
-118.2193338,34.0399103,5,55 mph,Golden State Freeway,I 5;I 10,South
-118.2195242,34.0395003,5,55 mph,Golden State Freeway,I 5;I 10,South
-118.2196476,34.0391735,5,55 mph,Golden State Freeway,I 5;I 10,South
-118.2197455,34.0388312,5,55 mph,Golden State Freeway,I 5;I 10,South
-118.2198555,34.0384967,5,55 mph,Golden State Freeway,I 5;I 10,South
-118.2200454,34.0378889,5,55 mph,Golden State Freeway,I 5;I 10,South
-118.22026,34.0372888,5,55 mph,Golden State Freeway,I 5;I 10,South
-118.2205215,34.0366575,5,55 mph,Golden State Freeway,I 5;I 10,South
-118.2207768,34.0361296,5,55 mph,Golden State Freeway,I 5;I 10,South
-118.4948647,34.3200555,5,65 mph,Golden State Freeway,I 5,South
-118.4942599,34.319688,5,65 mph,Golden State Freeway,I 5,South
-118.4937896,34.3193539,5,65 mph,Golden State Freeway,I 5,South
-118.4933713,34.3190441,5,65 mph,Golden State Freeway,I 5,South
-118.4929163,34.318655,5,65 mph,Golden State Freeway,I 5,South
-118.4923705,34.3181688,5,65 mph,Golden State Freeway,I 5,South
-118.4918535,34.31767,5,65 mph,Golden State Freeway,I 5,South
-118.4913405,34.3171154,5,65 mph,Golden State Freeway,I 5,South
-118.4908635,34.316547,5,65 mph,Golden State Freeway,I 5,South
-118.490093,34.3154981,5,65 mph,Golden State Freeway,I 5,South
-118.4894556,34.3146402,5,65 mph,Golden State Freeway,I 5,South
-118.4887425,34.3136596,5,65 mph,Golden State Freeway,I 5,South
-118.2150584,34.0466757,5,55 mph,Golden State Freeway,I 5;I 10,South
-118.2153688,34.046044,5,55 mph,Golden State Freeway,I 5;I 10,South
-118.215445,34.0458884,5,55 mph,Golden State Freeway,I 5;I 10,South
-118.2888255,34.1548861,"['5', '4']",65 mph,Golden State Freeway,I 5,South
-118.2885193,34.154667,"['5', '4']",65 mph,Golden State Freeway,I 5,South
-118.2878439,34.1542344,"['5', '4']",65 mph,Golden State Freeway,I 5,South
-118.287281,34.1539071,"['5', '4']",65 mph,Golden State Freeway,I 5,South
-118.2868099,34.1536673,"['5', '4']",65 mph,Golden State Freeway,I 5,South
-118.2862667,34.1534172,"['5', '4']",65 mph,Golden State Freeway,I 5,South
-118.2857303,34.1532098,"['5', '4']",65 mph,Golden State Freeway,I 5,South
-118.2854328,34.1531072,"['5', '4']",65 mph,Golden State Freeway,I 5,South
-118.2837664,34.1525327,"['5', '4']",65 mph,Golden State Freeway,I 5,South
-118.2832331,34.1523018,"['5', '4']",65 mph,Golden State Freeway,I 5,South
-118.282739,34.1520495,"['5', '4']",65 mph,Golden State Freeway,I 5,South
-118.2824553,34.1518819,"['5', '4']",65 mph,Golden State Freeway,I 5,South
-118.2821707,34.1516979,"['5', '4']",65 mph,Golden State Freeway,I 5,South
-118.2819007,34.1515059,"['5', '4']",65 mph,Golden State Freeway,I 5,South
-118.2815815,34.1512475,"['5', '4']",65 mph,Golden State Freeway,I 5,South
-118.2813439,34.1510315,"['5', '4']",65 mph,Golden State Freeway,I 5,South
-118.2811009,34.1507927,"['5', '4']",65 mph,Golden State Freeway,I 5,South
-118.2807856,34.150447,"['5', '4']",65 mph,Golden State Freeway,I 5,South
-118.2738191,34.1279196,4,65 mph,Golden State Freeway,I 5,South
-118.2725322,34.1234188,4,65 mph,Golden State Freeway,I 5,South
-118.272256,34.1225808,4,65 mph,Golden State Freeway,I 5,South
-118.2719132,34.1217589,4,65 mph,Golden State Freeway,I 5,South
-118.2716595,34.1212354,4,65 mph,Golden State Freeway,I 5,South
-118.2699982,34.1180616,4,65 mph,Golden State Freeway,I 5,South
-118.2698358,34.1177249,4,65 mph,Golden State Freeway,I 5,South
-118.2698358,34.1177249,5,65 mph,Golden State Freeway,I 5,South
-118.2685532,34.1152994,5,65 mph,Golden State Freeway,I 5,South
-118.2636457,34.1107076,5,65 mph,Golden State Freeway,I 5,South
-118.2629658,34.1102819,5,65 mph,Golden State Freeway,I 5,South
-118.2617158,34.1095562,5,65 mph,Golden State Freeway,I 5,South
-118.2587401,34.1080794,5,65 mph,Golden State Freeway,I 5,South
-118.306519,34.1733661,5,65 mph,Golden State Freeway,I 5,South
-118.3063405,34.172735,5,65 mph,Golden State Freeway,I 5,South
-118.3061774,34.1723205,5,65 mph,Golden State Freeway,I 5,South
-118.3060406,34.1720376,5,65 mph,Golden State Freeway,I 5,South
-118.3059051,34.1717901,5,65 mph,Golden State Freeway,I 5,South
-118.3057201,34.1715116,5,65 mph,Golden State Freeway,I 5,South
-118.3055028,34.1712231,5,65 mph,Golden State Freeway,I 5,South
-118.3052588,34.1709313,5,65 mph,Golden State Freeway,I 5,South
-118.3050536,34.1707216,5,65 mph,Golden State Freeway,I 5,South
-118.304784,34.1704853,5,65 mph,Golden State Freeway,I 5,South
-118.3045136,34.170273,5,65 mph,Golden State Freeway,I 5,South
-118.3042392,34.1700787,5,65 mph,Golden State Freeway,I 5,South
-118.3034603,34.1695077,5,65 mph,Golden State Freeway,I 5,South
-118.3026087,34.1688808,5,65 mph,Golden State Freeway,I 5,South
-118.3015868,34.1681606,5,65 mph,Golden State Freeway,I 5,South
-118.2685532,34.1152994,5,65 mph,Golden State Freeway,I 5,South
-118.2681111,34.1144639,5,65 mph,Golden State Freeway,I 5,South
-118.2678972,34.1140992,5,65 mph,Golden State Freeway,I 5,South
-118.2676064,34.1136983,5,65 mph,Golden State Freeway,I 5,South
-118.2673127,34.1133586,5,65 mph,Golden State Freeway,I 5,South
-118.2669598,34.1130338,5,65 mph,Golden State Freeway,I 5,South
-118.2665913,34.1127298,5,65 mph,Golden State Freeway,I 5,South
-118.2660761,34.112356,5,65 mph,Golden State Freeway,I 5,South
-118.2653963,34.1118629,5,65 mph,Golden State Freeway,I 5,South
-118.2636457,34.1107076,5,65 mph,Golden State Freeway,I 5,South
-118.2587401,34.1080794,5,65 mph,Golden State Freeway,I 5,South
-118.2566817,34.1070443,5,65 mph,Golden State Freeway,I 5,South
-118.2559912,34.1066714,5,65 mph,Golden State Freeway,I 5,South
-118.2557067,34.1065121,5,65 mph,Golden State Freeway,I 5,South
-118.2554196,34.1063342,5,65 mph,Golden State Freeway,I 5,South
-118.254994,34.1060395,5,65 mph,Golden State Freeway,I 5,South
-118.254328,34.1055455,5,65 mph,Golden State Freeway,I 5,South
-118.24879,34.1010223,3,65 mph,Golden State Freeway,I 5,South
-118.2486667,34.1009146,3,65 mph,Golden State Freeway,I 5,South
-118.247547,34.0992346,3,65 mph,Golden State Freeway,I 5,South
-118.2473719,34.0990105,3,65 mph,Golden State Freeway,I 5,South
-118.2470666,34.0986384,3,65 mph,Golden State Freeway,I 5,South
-118.2464512,34.0979862,3,65 mph,Golden State Freeway,I 5,South
-118.2442184,34.0957369,3,65 mph,Golden State Freeway,I 5,South
-118.2439222,34.0954323,3,65 mph,Golden State Freeway,I 5,South
-118.2427611,34.0942319,3,65 mph,Golden State Freeway,I 5,South
-118.2423392,34.0937815,3,65 mph,Golden State Freeway,I 5,South
-118.254328,34.1055455,4,65 mph,Golden State Freeway,I 5,South
-118.253195,34.10476,4,65 mph,Golden State Freeway,I 5,South
-118.2530361,34.1046483,4,65 mph,Golden State Freeway,I 5,South
-118.2525307,34.1043065,4,65 mph,Golden State Freeway,I 5,South
-118.2520041,34.1039105,4,65 mph,Golden State Freeway,I 5,South
-118.251263,34.1033388,4,65 mph,Golden State Freeway,I 5,South
-118.2506475,34.1028913,4,65 mph,Golden State Freeway,I 5,South
-118.2501808,34.1025271,4,65 mph,Golden State Freeway,I 5,South
-118.2497007,34.1020784,4,65 mph,Golden State Freeway,I 5,South
-118.2493359,34.1016997,4,65 mph,Golden State Freeway,I 5,South
-118.2490569,34.1013599,4,65 mph,Golden State Freeway,I 5,South
-118.24879,34.1010223,4,65 mph,Golden State Freeway,I 5,South
-118.4698964,34.2932543,4,65 mph,Golden State Freeway,I 5,South
-118.4679823,34.2913255,4,65 mph,Golden State Freeway,I 5,South
-118.4675753,34.2909226,4,65 mph,Golden State Freeway,I 5,South
-118.4651529,34.2884725,4,65 mph,Golden State Freeway,I 5,South
-118.4646903,34.2880714,4,65 mph,Golden State Freeway,I 5,South
-118.4641996,34.287707,4,65 mph,Golden State Freeway,I 5,South
-118.4634757,34.2872425,4,65 mph,Golden State Freeway,I 5,South
-118.4626287,34.2867308,4,65 mph,Golden State Freeway,I 5,South
-118.3110686,34.178749,5,65 mph,Golden State Freeway,I 5,South
-118.3089983,34.1774299,5,65 mph,Golden State Freeway,I 5,South
-118.3086437,34.1771747,5,65 mph,Golden State Freeway,I 5,South
-118.3083968,34.1769795,5,65 mph,Golden State Freeway,I 5,South
-118.3081833,34.1767822,5,65 mph,Golden State Freeway,I 5,South
-118.3080938,34.1766598,5,65 mph,Golden State Freeway,I 5,South
-118.293942,34.162079,6,65 mph,Golden State Freeway,I 5,South
-118.2935572,34.1615123,6,65 mph,Golden State Freeway,I 5,South
-118.293223,34.1609755,6,65 mph,Golden State Freeway,I 5,South
-118.2930753,34.1607229,6,65 mph,Golden State Freeway,I 5,South
-118.2911208,34.15739,6,65 mph,Golden State Freeway,I 5,South
-118.290716,34.1568089,6,65 mph,Golden State Freeway,I 5,South
-118.2902342,34.1562014,6,65 mph,Golden State Freeway,I 5,South
-118.2896625,34.1556252,6,65 mph,Golden State Freeway,I 5,South
-118.2893129,34.1553057,6,65 mph,Golden State Freeway,I 5,South
-118.2888255,34.1548861,6,65 mph,Golden State Freeway,I 5,South
-118.5544487,34.3595315,"['5', '4']",65 mph,Golden State Freeway,I 5,South
-118.554092,34.3588118,"['5', '4']",65 mph,Golden State Freeway,I 5,South
-118.5536655,34.3581221,"['5', '4']",65 mph,Golden State Freeway,I 5,South
-118.5532551,34.3575774,"['5', '4']",65 mph,Golden State Freeway,I 5,South
-118.5528126,34.3570482,"['5', '4']",65 mph,Golden State Freeway,I 5,South
-118.5524116,34.3566574,"['5', '4']",65 mph,Golden State Freeway,I 5,South
-118.5519865,34.3562699,"['5', '4']",65 mph,Golden State Freeway,I 5,South
-118.5511416,34.3555181,"['5', '4']",65 mph,Golden State Freeway,I 5,South
-118.5481725,34.3528397,"['5', '4']",65 mph,Golden State Freeway,I 5,South
-118.5475073,34.352326,"['5', '4']",65 mph,Golden State Freeway,I 5,South
-118.5469306,34.3519651,"['5', '4']",65 mph,Golden State Freeway,I 5,South
-118.5463781,34.3516705,"['5', '4']",65 mph,Golden State Freeway,I 5,South
-118.5458129,34.3514079,"['5', '4']",65 mph,Golden State Freeway,I 5,South
-118.544068,34.3507421,"['5', '4']",65 mph,Golden State Freeway,I 5,South
-118.5417593,34.3498553,"['5', '4']",65 mph,Golden State Freeway,I 5,South
-118.5351048,34.3472793,"['5', '4']",65 mph,Golden State Freeway,I 5,South
-118.5344624,34.346977,"['5', '4']",65 mph,Golden State Freeway,I 5,South
-118.5338012,34.3466005,"['5', '4']",65 mph,Golden State Freeway,I 5,South
-118.5331427,34.3461521,"['5', '4']",65 mph,Golden State Freeway,I 5,South
-118.5325848,34.3457014,"['5', '4']",65 mph,Golden State Freeway,I 5,South
-118.5320725,34.3452098,"['5', '4']",65 mph,Golden State Freeway,I 5,South
-118.5314382,34.3445011,"['5', '4']",65 mph,Golden State Freeway,I 5,South
-118.530832,34.3438722,"['5', '4']",65 mph,Golden State Freeway,I 5,South
-118.5301534,34.3432842,"['5', '4']",65 mph,Golden State Freeway,I 5,South
-118.5295915,34.3428844,"['5', '4']",65 mph,Golden State Freeway,I 5,South
-118.5289939,34.3425156,"['5', '4']",65 mph,Golden State Freeway,I 5,South
-118.5284462,34.34223,"['5', '4']",65 mph,Golden State Freeway,I 5,South
-118.5279191,34.341993,"['5', '4']",65 mph,Golden State Freeway,I 5,South
-118.5274041,34.341786,"['5', '4']",65 mph,Golden State Freeway,I 5,South
-118.5269119,34.3416132,"['5', '4']",65 mph,Golden State Freeway,I 5,South
-118.5264399,34.3414759,"['5', '4']",65 mph,Golden State Freeway,I 5,South
-118.5259839,34.3413574,"['5', '4']",65 mph,Golden State Freeway,I 5,South
-118.5255802,34.3412744,"['5', '4']",65 mph,Golden State Freeway,I 5,South
-118.5251672,34.3412002,"['5', '4']",65 mph,Golden State Freeway,I 5,South
-118.5247474,34.3411404,"['5', '4']",65 mph,Golden State Freeway,I 5,South
-118.5220692,34.3407761,"['5', '4']",65 mph,Golden State Freeway,I 5,South
-118.5217138,34.3407196,"['5', '4']",65 mph,Golden State Freeway,I 5,South
-118.5213383,34.340652,"['5', '4']",65 mph,Golden State Freeway,I 5,South
-118.5209186,34.3405624,"['5', '4']",65 mph,Golden State Freeway,I 5,South
-118.5205041,34.3404494,"['5', '4']",65 mph,Golden State Freeway,I 5,South
-118.5200991,34.3403265,"['5', '4']",65 mph,Golden State Freeway,I 5,South
-118.519733,34.3402047,"['5', '4']",65 mph,Golden State Freeway,I 5,South
-118.5193307,34.3400485,"['5', '4']",65 mph,Golden State Freeway,I 5,South
-118.5189646,34.3398824,"['5', '4']",65 mph,Golden State Freeway,I 5,South
-118.514494,34.3377137,3,65 mph,Golden State Freeway,I 5,South
-118.5136761,34.337312,3,65 mph,Golden State Freeway,I 5,South
-118.5134012,34.3371746,3,65 mph,Golden State Freeway,I 5,South
-118.5131343,34.3370251,3,65 mph,Golden State Freeway,I 5,South
-118.512854,34.3368612,3,65 mph,Golden State Freeway,I 5,South
-118.5125527,34.3366888,3,65 mph,Golden State Freeway,I 5,South
-118.5122617,34.3365027,3,65 mph,Golden State Freeway,I 5,South
-118.5118393,34.336248,3,65 mph,Golden State Freeway,I 5,South
-118.5110167,34.3357189,3,65 mph,Golden State Freeway,I 5,South
-118.3772098,34.2265328,5,65 mph,Golden State Freeway,I 5,South
-118.3767363,34.2264296,5,65 mph,Golden State Freeway,I 5,South
-118.3763766,34.2263336,5,65 mph,Golden State Freeway,I 5,South
-118.375851,34.2261379,5,65 mph,Golden State Freeway,I 5,South
-118.3755659,34.2260195,5,65 mph,Golden State Freeway,I 5,South
-118.3752016,34.2258603,5,65 mph,Golden State Freeway,I 5,South
-118.3747389,34.225592,5,65 mph,Golden State Freeway,I 5,South
-118.3741742,34.2252173,5,65 mph,Golden State Freeway,I 5,South
-118.372659,34.2239597,5,65 mph,Golden State Freeway,I 5,South
-118.4255526,34.2474953,7,65 mph,Golden State Freeway,I 5,South
-118.4227212,34.2448332,7,65 mph,Golden State Freeway,I 5,South
-118.4223508,34.244454,7,65 mph,Golden State Freeway,I 5,South
-118.4556342,34.2794529,4,65 mph,Golden State Freeway,I 5,South
-118.4552991,34.278978,4,65 mph,Golden State Freeway,I 5,South
-118.4549285,34.2785361,4,65 mph,Golden State Freeway,I 5,South
-118.4546548,34.2782366,4,65 mph,Golden State Freeway,I 5,South
-118.4543334,34.2779291,4,65 mph,Golden State Freeway,I 5,South
-118.4539952,34.2776223,4,65 mph,Golden State Freeway,I 5,South
-118.4532799,34.276956,4,65 mph,Golden State Freeway,I 5,South
-118.4529177,34.2766302,4,65 mph,Golden State Freeway,I 5,South
-118.4223508,34.244454,"['7', '8']",65 mph,Golden State Freeway,I 5,South
-118.4221884,34.2443033,"['7', '8']",65 mph,Golden State Freeway,I 5,South
-118.4204696,34.2426994,"['7', '8']",65 mph,Golden State Freeway,I 5,South
-118.372659,34.2239597,5,65 mph,Golden State Freeway,I 5,South
-118.3717398,34.2232351,5,65 mph,Golden State Freeway,I 5,South
-118.3714656,34.2230534,5,65 mph,Golden State Freeway,I 5,South
-118.3711692,34.2228816,5,65 mph,Golden State Freeway,I 5,South
-118.3706596,34.2226254,5,65 mph,Golden State Freeway,I 5,South
-118.3701231,34.222414,5,65 mph,Golden State Freeway,I 5,South
-118.3804501,34.2265904,6,65 mph,Golden State Freeway,I 5,South
-118.3787344,34.2266548,6,65 mph,Golden State Freeway,I 5,South
-118.3784106,34.2266577,6,65 mph,Golden State Freeway,I 5,South
-118.3780153,34.2266364,6,65 mph,Golden State Freeway,I 5,South
-118.3777065,34.2266079,6,65 mph,Golden State Freeway,I 5,South
-118.3772098,34.2265328,6,65 mph,Golden State Freeway,I 5,South
-118.514788,34.3375601,2,,Golden State Freeway,I 5 Truck,South
-118.513936,34.3371115,2,,Golden State Freeway,I 5 Truck,South
-118.5137281,34.337014,2,,Golden State Freeway,I 5 Truck,South
-118.5134811,34.3369082,2,,Golden State Freeway,I 5 Truck,South
-118.5132567,34.3368226,2,,Golden State Freeway,I 5 Truck,South
-118.5130147,34.3367434,2,,Golden State Freeway,I 5 Truck,South
-118.5127656,34.3366853,2,,Golden State Freeway,I 5 Truck,South
-118.5125124,34.3366412,2,,Golden State Freeway,I 5 Truck,South
-118.5116362,34.3365158,2,,Golden State Freeway,I 5 Truck,South
-118.5104237,34.3363532,2,,Golden State Freeway,I 5 Truck,South
-118.5101732,34.3363177,2,,Golden State Freeway,I 5 Truck,South
-118.5095442,34.3362295,2,,Golden State Freeway,I 5 Truck,South
-118.4704433,34.2933753,2,65 mph,,I 5 Truck,South
-118.4702618,34.293072,2,65 mph,,I 5 Truck,South
-118.4698927,34.2923758,2,65 mph,,I 5 Truck,South
-118.4696558,34.2919237,2,65 mph,,I 5 Truck,South
-118.4693526,34.29142,2,65 mph,,I 5 Truck,South
-118.4691006,34.2910661,2,65 mph,,I 5 Truck,South
-118.4688565,34.2907713,2,65 mph,,I 5 Truck,South
-118.4686395,34.2905346,2,65 mph,,I 5 Truck,South
-118.4684247,34.2903171,2,65 mph,,I 5 Truck,South
-118.4680671,34.2900174,2,65 mph,,I 5 Truck,South
-118.4676552,34.2897033,2,65 mph,,I 5 Truck,South
-118.467584,34.2896518,2,65 mph,,I 5 Truck,South
-118.4671765,34.2893933,2,65 mph,,I 5 Truck,South
-118.4666037,34.2890495,2,65 mph,,I 5 Truck,South
-118.4649556,34.2880451,2,65 mph,,I 5 Truck,South
-118.4631425,34.2869822,2,65 mph,,I 5 Truck,South
-118.4626287,34.2867308,2,65 mph,,I 5 Truck,South
-118.504295,34.3308706,"['3', '2']",35 mph,Golden State Freeway,I 5 Truck,South
-118.5042176,34.3306342,"['3', '2']",35 mph,Golden State Freeway,I 5 Truck,South
-118.5041326,34.3303961,"['3', '2']",35 mph,Golden State Freeway,I 5 Truck,South
-118.5039941,34.3300616,"['3', '2']",35 mph,Golden State Freeway,I 5 Truck,South
-118.5038468,34.3297541,"['3', '2']",35 mph,Golden State Freeway,I 5 Truck,South
-118.5028467,34.3279064,"['3', '2']",35 mph,Golden State Freeway,I 5 Truck,South
-118.5027352,34.3277003,"['3', '2']",35 mph,Golden State Freeway,I 5 Truck,South
-118.5026522,34.3275303,"['3', '2']",35 mph,Golden State Freeway,I 5 Truck,South
-118.5025811,34.3273502,"['3', '2']",35 mph,Golden State Freeway,I 5 Truck,South
-118.502518,34.3271497,"['3', '2']",35 mph,Golden State Freeway,I 5 Truck,South
-118.5024723,34.3269469,"['3', '2']",35 mph,Golden State Freeway,I 5 Truck,South
-118.5022675,34.3258935,"['3', '2']",35 mph,Golden State Freeway,I 5 Truck,South
-118.5020696,34.3248828,"['3', '2']",35 mph,Golden State Freeway,I 5 Truck,South
-118.5020377,34.3247255,"['3', '2']",35 mph,Golden State Freeway,I 5 Truck,South
-118.5019839,34.3245269,"['3', '2']",35 mph,Golden State Freeway,I 5 Truck,South
-118.5019067,34.3243163,"['3', '2']",35 mph,Golden State Freeway,I 5 Truck,South
-118.5016992,34.3239044,"['3', '2']",35 mph,Golden State Freeway,I 5 Truck,South
-118.501583,34.3237252,"['3', '2']",35 mph,Golden State Freeway,I 5 Truck,South
-118.5014684,34.3235752,"['3', '2']",35 mph,Golden State Freeway,I 5 Truck,South
-118.5011438,34.3232289,"['3', '2']",35 mph,Golden State Freeway,I 5 Truck,South
-118.5008116,34.3229495,"['3', '2']",35 mph,Golden State Freeway,I 5 Truck,South
-118.5004337,34.3227028,"['3', '2']",35 mph,Golden State Freeway,I 5 Truck,South
-118.5002421,34.3225992,"['3', '2']",35 mph,Golden State Freeway,I 5 Truck,South
-118.4986755,34.3218604,"['3', '2']",35 mph,Golden State Freeway,I 5 Truck,South
-118.4982739,34.3216605,"['3', '2']",35 mph,Golden State Freeway,I 5 Truck,South
-118.4970666,34.3210008,"['3', '2']",35 mph,Golden State Freeway,I 5 Truck,South
-118.4966341,34.3207642,"['3', '2']",35 mph,Golden State Freeway,I 5 Truck,South
-118.4948567,34.3197378,"['3', '2']",35 mph,Golden State Freeway,I 5 Truck,South
-118.4944849,34.3194759,"['3', '2']",35 mph,Golden State Freeway,I 5 Truck,South
-118.4940751,34.3191348,"['3', '2']",35 mph,Golden State Freeway,I 5 Truck,South
-118.4940751,34.3191348,"['1', '2']",,Golden State Freeway,I 5 Truck,South
-118.4926956,34.3176048,"['1', '2']",,Golden State Freeway,I 5 Truck,South
-118.4924945,34.3173876,"['1', '2']",,Golden State Freeway,I 5 Truck,South
-118.4923043,34.3172081,"['1', '2']",,Golden State Freeway,I 5 Truck,South
-118.4908463,34.3159919,"['1', '2']",,Golden State Freeway,I 5 Truck,South
-118.4904146,34.3155879,"['1', '2']",,Golden State Freeway,I 5 Truck,South
-118.489968,34.315111,"['1', '2']",,Golden State Freeway,I 5 Truck,South
-118.4896097,34.3146588,"['1', '2']",,Golden State Freeway,I 5 Truck,South
-118.4889908,34.3138514,"['1', '2']",,Golden State Freeway,I 5 Truck,South
-118.4887425,34.3136596,"['1', '2']",,Golden State Freeway,I 5 Truck,South
-118.5095442,34.3362295,2,,Golden State Freeway,I 5 Truck,South
-118.5091629,34.3361771,2,,Golden State Freeway,I 5 Truck,South
-118.508957,34.3361449,2,,Golden State Freeway,I 5 Truck,South
-118.5087627,34.3361072,2,,Golden State Freeway,I 5 Truck,South
-118.5085546,34.3360616,2,,Golden State Freeway,I 5 Truck,South
-118.5083366,34.336005,2,,Golden State Freeway,I 5 Truck,South
-118.5081285,34.3359419,2,,Golden State Freeway,I 5 Truck,South
-118.5079141,34.3358677,2,,Golden State Freeway,I 5 Truck,South
-118.5076234,34.3357531,2,,Golden State Freeway,I 5 Truck,South
-118.5073621,34.3356304,2,,Golden State Freeway,I 5 Truck,South
-118.5071011,34.3354933,2,,Golden State Freeway,I 5 Truck,South
-118.5068532,34.3353458,2,,Golden State Freeway,I 5 Truck,South
-118.5066105,34.3351799,2,,Golden State Freeway,I 5 Truck,South
-118.5063905,34.335014,2,,Golden State Freeway,I 5 Truck,South
-118.5061743,34.3348331,2,,Golden State Freeway,I 5 Truck,South
-118.5059732,34.3346383,2,,Golden State Freeway,I 5 Truck,South
-118.5057904,34.334438,2,,Golden State Freeway,I 5 Truck,South
-118.505614,34.3342222,2,,Golden State Freeway,I 5 Truck,South
-118.5054356,34.3339747,2,,Golden State Freeway,I 5 Truck,South
-118.5053204,34.3337892,2,,Golden State Freeway,I 5 Truck,South
-118.505204,34.3335759,2,,Golden State Freeway,I 5 Truck,South
-118.5051043,34.3333524,2,,Golden State Freeway,I 5 Truck,South
-118.5050433,34.3332019,2,,Golden State Freeway,I 5 Truck,South
-118.5049945,34.3330612,2,,Golden State Freeway,I 5 Truck,South
-118.5047862,34.3324155,2,,Golden State Freeway,I 5 Truck,South
-118.504595,34.3318196,2,,Golden State Freeway,I 5 Truck,South
-118.5044042,34.3312138,2,,Golden State Freeway,I 5 Truck,South
-118.504295,34.3308706,2,,Golden State Freeway,I 5 Truck,South
-118.1961176,34.0212303,5,55 mph,Santa Ana Freeway,I 5,South
-118.1953785,34.0209245,5,55 mph,Santa Ana Freeway,I 5,South
-118.1949979,34.0207642,5,55 mph,Santa Ana Freeway,I 5,South
-118.1946778,34.0206512,5,55 mph,Santa Ana Freeway,I 5,South
-118.2280086,34.0830646,3,"['55 mph', '65 mph']",Golden State Freeway,I 5,South
-118.2271741,34.0827944,3,"['55 mph', '65 mph']",Golden State Freeway,I 5,South
-118.2249229,34.082144,3,"['55 mph', '65 mph']",Golden State Freeway,I 5,South
-118.2243667,34.0819494,3,"['55 mph', '65 mph']",Golden State Freeway,I 5,South
-118.2240621,34.0818299,3,"['55 mph', '65 mph']",Golden State Freeway,I 5,South
-118.2236055,34.0816265,3,"['55 mph', '65 mph']",Golden State Freeway,I 5,South
-118.2231577,34.0814005,3,"['55 mph', '65 mph']",Golden State Freeway,I 5,South
-118.2227414,34.0811716,3,"['55 mph', '65 mph']",Golden State Freeway,I 5,South
-118.2223279,34.080901,3,"['55 mph', '65 mph']",Golden State Freeway,I 5,South
-118.2220439,34.0807079,3,"['55 mph', '65 mph']",Golden State Freeway,I 5,South
-118.2216645,34.0804048,3,"['55 mph', '65 mph']",Golden State Freeway,I 5,South
-118.2215234,34.0802887,3,"['55 mph', '65 mph']",Golden State Freeway,I 5,South
-118.2212927,34.0800795,3,"['55 mph', '65 mph']",Golden State Freeway,I 5,South
-118.2208669,34.0796405,3,"['55 mph', '65 mph']",Golden State Freeway,I 5,South
-118.2205276,34.079244,3,"['55 mph', '65 mph']",Golden State Freeway,I 5,South
-118.2201523,34.0787458,3,"['55 mph', '65 mph']",Golden State Freeway,I 5,South
-118.2198809,34.0782982,3,"['55 mph', '65 mph']",Golden State Freeway,I 5,South
-118.219628,34.0777475,3,"['55 mph', '65 mph']",Golden State Freeway,I 5,South
-118.2195392,34.0774616,3,"['55 mph', '65 mph']",Golden State Freeway,I 5,South
-118.2194582,34.0770863,3,"['55 mph', '65 mph']",Golden State Freeway,I 5,South
-118.2194076,34.0767032,3,"['55 mph', '65 mph']",Golden State Freeway,I 5,South
-118.2285481,34.0833058,5,65 mph,Golden State Freeway,I 5,South
-118.2284761,34.0832742,5,65 mph,Golden State Freeway,I 5,South
-118.2280722,34.0830907,5,65 mph,Golden State Freeway,I 5,South
-118.2280086,34.0830646,5,65 mph,Golden State Freeway,I 5,South
-118.236179,34.088209,4,65 mph,Golden State Freeway,I 5,South
-118.2357559,34.0879524,4,65 mph,Golden State Freeway,I 5,South
-118.2354554,34.0877747,4,65 mph,Golden State Freeway,I 5,South
-118.2338971,34.0868228,4,65 mph,Golden State Freeway,I 5,South
-118.2324138,34.0859209,4,65 mph,Golden State Freeway,I 5,South
-118.2321201,34.0857388,4,65 mph,Golden State Freeway,I 5,South
-118.2316708,34.0854389,4,65 mph,Golden State Freeway,I 5,South
-118.2314147,34.085269,4,65 mph,Golden State Freeway,I 5,South
-118.230555,34.0846536,4,65 mph,Golden State Freeway,I 5,South
-118.2298617,34.0841494,4,65 mph,Golden State Freeway,I 5,South
-118.2291388,34.0836606,4,65 mph,Golden State Freeway,I 5,South
-118.2285481,34.0833058,4,65 mph,Golden State Freeway,I 5,South
-118.4730264,34.2964063,6,65 mph,Golden State Freeway,I 5,South
-118.4698964,34.2932543,6,65 mph,Golden State Freeway,I 5,South
-118.4730264,34.2964063,2,65 mph,,I 5 Truck,South
-118.4722207,34.2953084,2,65 mph,,I 5 Truck,South
-118.4720315,34.2951116,2,65 mph,,I 5 Truck,South
-118.4714073,34.2944864,2,65 mph,,I 5 Truck,South
-118.4710921,34.2941662,2,65 mph,,I 5 Truck,South
-118.4709198,34.2939848,2,65 mph,,I 5 Truck,South
-118.4707461,34.2937784,2,65 mph,,I 5 Truck,South
-118.4705986,34.2935989,2,65 mph,,I 5 Truck,South
-118.4704433,34.2933753,2,65 mph,,I 5 Truck,South
-118.4337871,34.2552874,7,65 mph,Golden State Freeway,I 5,South
-118.4317965,34.2534059,7,65 mph,Golden State Freeway,I 5,South
-118.4269591,34.2488327,8,65 mph,Golden State Freeway,I 5,South
-118.4255526,34.2474953,8,65 mph,Golden State Freeway,I 5,South
-118.443695,34.2667738,5,65 mph,Golden State Freeway,I 5,South
-118.4434074,34.266449,5,65 mph,Golden State Freeway,I 5,South
-118.4430247,34.2659245,5,65 mph,Golden State Freeway,I 5,South
-118.4425844,34.2652865,5,65 mph,Golden State Freeway,I 5,South
-118.4423037,34.2648532,5,65 mph,Golden State Freeway,I 5,South
-118.4420322,34.2644338,5,65 mph,Golden State Freeway,I 5,South
-118.4411606,34.2630353,5,65 mph,Golden State Freeway,I 5,South
-118.4411606,34.2630353,5,65 mph,Golden State Freeway,I 5,South
-118.4409103,34.2626721,5,65 mph,Golden State Freeway,I 5,South
-118.4405955,34.2621496,5,65 mph,Golden State Freeway,I 5,South
-118.4403256,34.2617501,5,65 mph,Golden State Freeway,I 5,South
-118.4399821,34.2613087,5,65 mph,Golden State Freeway,I 5,South
-118.4395923,34.2608564,5,65 mph,Golden State Freeway,I 5,South
-118.4387025,34.2599243,5,65 mph,Golden State Freeway,I 5,South
-118.4477483,34.2706902,6,65 mph,Golden State Freeway,I 5,South
-118.4474221,34.2703427,6,65 mph,Golden State Freeway,I 5,South
-118.4464002,34.2693503,6,65 mph,Golden State Freeway,I 5,South
-118.4387025,34.2599243,7,65 mph,Golden State Freeway,I 5,South
-118.4353235,34.2567413,7,65 mph,Golden State Freeway,I 5,South
-118.4349493,34.2564004,7,65 mph,Golden State Freeway,I 5,South
-118.4337871,34.2552874,7,65 mph,Golden State Freeway,I 5,South
-118.2787757,34.1451244,5,65 mph,Golden State Freeway,I 5,South
-118.2786942,34.1447955,5,65 mph,Golden State Freeway,I 5,South
-118.2785668,34.1442499,5,65 mph,Golden State Freeway,I 5,South
-118.2784286,34.1436073,5,65 mph,Golden State Freeway,I 5,South
-118.2783052,34.1429846,5,65 mph,Golden State Freeway,I 5,South
-118.278206,34.1424807,5,65 mph,Golden State Freeway,I 5,South
-118.2781242,34.1420811,5,65 mph,Golden State Freeway,I 5,South
-118.2780477,34.1417204,5,65 mph,Golden State Freeway,I 5,South
-118.27797,34.1413718,5,65 mph,Golden State Freeway,I 5,South
-118.2778667,34.1410066,5,65 mph,Golden State Freeway,I 5,South
-118.2778667,34.1410066,5,65 mph,Golden State Freeway,I 5,South
-118.2777326,34.140627,5,65 mph,Golden State Freeway,I 5,South
-118.2772892,34.139506,5,65 mph,Golden State Freeway,I 5,South
-118.277193,34.139271,5,65 mph,Golden State Freeway,I 5,South
-118.2767737,34.1381262,5,65 mph,Golden State Freeway,I 5,South
-118.2750303,34.1320348,5,65 mph,Golden State Freeway,I 5,South
-118.2742873,34.1294227,5,65 mph,Golden State Freeway,I 5,South
-118.2738191,34.1279196,5,65 mph,Golden State Freeway,I 5,South
-118.2117235,34.0275501,"['3', '4']",55 mph,Golden State Freeway,I 5,South
-118.2111584,34.0273505,"['3', '4']",55 mph,Golden State Freeway,I 5,South
-118.2108561,34.0272395,"['3', '4']",55 mph,Golden State Freeway,I 5,South
-118.2100041,34.0269219,"['3', '4']",55 mph,Golden State Freeway,I 5,South
-118.2095151,34.0267289,"['3', '4']",55 mph,Golden State Freeway,I 5,South
-118.2090433,34.0265297,"['3', '4']",55 mph,Golden State Freeway,I 5,South
-118.208563,34.0263199,"['3', '4']",55 mph,Golden State Freeway,I 5,South
-118.2075899,34.0259224,"['3', '4']",55 mph,Golden State Freeway,I 5,South
-118.2069029,34.0256789,"['3', '4']",55 mph,Golden State Freeway,I 5,South
-118.2061829,34.0254829,"['3', '4']",55 mph,Golden State Freeway,I 5,South
-118.2207768,34.0361296,3,55 mph,Golden State Freeway,I 5,South
-118.2207929,34.035844,3,55 mph,Golden State Freeway,I 5,South
-118.2211845,34.0348882,3,55 mph,Golden State Freeway,I 5,South
-118.2212899,34.0346504,3,55 mph,Golden State Freeway,I 5,South
-118.2213725,34.0344332,3,55 mph,Golden State Freeway,I 5,South
-118.2214286,34.0342425,3,55 mph,Golden State Freeway,I 5,South
-118.2214568,34.0340847,3,55 mph,Golden State Freeway,I 5,South
-118.2214631,34.033985,3,55 mph,Golden State Freeway,I 5,South
-118.2214612,34.0338837,3,55 mph,Golden State Freeway,I 5,South
-118.2214469,34.0337411,3,55 mph,Golden State Freeway,I 5,South
-118.2214138,34.0335579,3,55 mph,Golden State Freeway,I 5,South
-118.2213092,34.0332911,3,55 mph,Golden State Freeway,I 5,South
-118.2211416,34.03304,3,55 mph,Golden State Freeway,I 5,South
-118.220652,34.0324609,3,55 mph,Golden State Freeway,I 5,South
-118.220652,34.0324609,2,55 mph,Golden State Freeway,I 5,South
-118.2204643,34.0322364,2,55 mph,Golden State Freeway,I 5,South
-118.2203456,34.0320875,2,55 mph,Golden State Freeway,I 5,South
-118.2198085,34.0314629,2,55 mph,Golden State Freeway,I 5,South
-118.2198085,34.0314629,2,55 mph,Golden State Freeway,I 5,South
-118.2192875,34.0308365,2,55 mph,Golden State Freeway,I 5,South
-118.2190177,34.0305242,2,55 mph,Golden State Freeway,I 5,South
-118.2187565,34.0302196,2,55 mph,Golden State Freeway,I 5,South
-118.2185366,34.029962,2,55 mph,Golden State Freeway,I 5,South
-118.2183472,34.0297505,2,55 mph,Golden State Freeway,I 5,South
-118.2182868,34.0296803,2,55 mph,Golden State Freeway,I 5,South
-118.2181985,34.029593,2,55 mph,Golden State Freeway,I 5,South
-118.2179634,34.0293951,2,55 mph,Golden State Freeway,I 5,South
-118.217715,34.0291949,2,55 mph,Golden State Freeway,I 5,South
-118.217715,34.0291949,2,55 mph,Golden State Freeway,I 5,South
-118.2174267,34.0290484,2,55 mph,Golden State Freeway,I 5,South
-118.2170912,34.0289054,2,55 mph,Golden State Freeway,I 5,South
-118.2166997,34.028779,2,55 mph,Golden State Freeway,I 5,South
-118.2162663,34.0286767,2,55 mph,Golden State Freeway,I 5,South
-118.2162663,34.0286767,2,55 mph,Golden State Freeway,I 5,South
-118.2141394,34.0283229,2,55 mph,Golden State Freeway,I 5,South
-118.2138938,34.0282625,2,55 mph,Golden State Freeway,I 5,South
-118.2136111,34.02818,2,55 mph,Golden State Freeway,I 5,South
-118.2133495,34.0281018,2,55 mph,Golden State Freeway,I 5,South
-118.2131266,34.0280241,2,55 mph,Golden State Freeway,I 5,South
-118.2128798,34.0279359,2,55 mph,Golden State Freeway,I 5,South
-118.2125858,34.0278333,2,55 mph,Golden State Freeway,I 5,South
-118.2123668,34.0277523,2,55 mph,Golden State Freeway,I 5,South
-118.2117235,34.0275501,2,55 mph,Golden State Freeway,I 5,South
-118.2061829,34.0254829,5,55 mph,Santa Ana Freeway,I 5,South
-118.2052194,34.025171,5,55 mph,Santa Ana Freeway,I 5,South
-118.204859,34.0250309,5,55 mph,Santa Ana Freeway,I 5,South
-118.2042276,34.0247599,5,55 mph,Santa Ana Freeway,I 5,South
-118.2142918,34.0556338,4,55 mph,Golden State Freeway,I 5,South
-118.2142593,34.0548371,4,55 mph,Golden State Freeway,I 5,South
-118.2142432,34.0544118,4,55 mph,Golden State Freeway,I 5,South
-118.2142312,34.0540815,4,55 mph,Golden State Freeway,I 5,South
-118.2141325,34.0516243,4,55 mph,Golden State Freeway,I 5,South
-118.2141203,34.0510758,4,55 mph,Golden State Freeway,I 5,South
-118.2191836,34.0723533,4,55 mph,Golden State Freeway,I 5,South
-118.2190054,34.0719745,4,55 mph,Golden State Freeway,I 5,South
-118.218729,34.0714555,4,55 mph,Golden State Freeway,I 5,South
-118.2175515,34.0696058,4,55 mph,Golden State Freeway,I 5,South
-118.2172484,34.0691281,4,55 mph,Golden State Freeway,I 5,South
-118.2170083,34.0687104,4,55 mph,Golden State Freeway,I 5,South
-118.323602,34.1885942,7,65 mph,Golden State Freeway,I 5,South
-118.3224719,34.1877792,7,65 mph,Golden State Freeway,I 5,South
-118.4054806,34.2317048,5,65 mph,Golden State Freeway,I 5,South
-118.4035238,34.2314273,5,65 mph,Golden State Freeway,I 5,South
-118.4028291,34.2313326,5,65 mph,Golden State Freeway,I 5,South
-118.3080938,34.1766598,6,65 mph,Golden State Freeway,I 5,South
-118.30791,34.1764651,6,65 mph,Golden State Freeway,I 5,South
-118.3077896,34.1763191,6,65 mph,Golden State Freeway,I 5,South
-118.3075323,34.1759642,6,65 mph,Golden State Freeway,I 5,South
-118.3072995,34.1756363,6,65 mph,Golden State Freeway,I 5,South
-118.3070719,34.1751319,6,65 mph,Golden State Freeway,I 5,South
-118.3069193,34.1747109,6,65 mph,Golden State Freeway,I 5,South
-118.3067554,34.1741536,6,65 mph,Golden State Freeway,I 5,South
-118.3066186,34.1737076,6,65 mph,Golden State Freeway,I 5,South
-118.306519,34.1733661,6,65 mph,Golden State Freeway,I 5,South
-118.3015868,34.1681606,6,65 mph,Golden State Freeway,I 5,South
-118.3008442,34.1675895,6,65 mph,Golden State Freeway,I 5,South
-118.3004079,34.1672656,6,65 mph,Golden State Freeway,I 5,South
-118.3004079,34.1672656,5,65 mph,Golden State Freeway,I 5,South
-118.299833,34.1668571,5,65 mph,Golden State Freeway,I 5,South
-118.2984674,34.1658637,5,65 mph,Golden State Freeway,I 5,South
-118.2970269,34.164821,5,65 mph,Golden State Freeway,I 5,South
-118.2962694,34.1642827,5,65 mph,Golden State Freeway,I 5,South
-118.2957172,34.1638871,5,65 mph,Golden State Freeway,I 5,South
-118.295157,34.1634395,5,65 mph,Golden State Freeway,I 5,South
-118.2946451,34.1629336,5,65 mph,Golden State Freeway,I 5,South
-118.2943694,34.1626409,5,65 mph,Golden State Freeway,I 5,South
-118.293942,34.162079,5,65 mph,Golden State Freeway,I 5,South
-118.1798727,34.0194456,5,"['55 mph', '65 mph']",Santa Ana Freeway,I 5,South
-118.1797009,34.0193824,5,"['55 mph', '65 mph']",Santa Ana Freeway,I 5,South
-118.1794577,34.0192822,5,"['55 mph', '65 mph']",Santa Ana Freeway,I 5,South
-118.1777159,34.0184447,5,"['55 mph', '65 mph']",Santa Ana Freeway,I 5,South
-118.1758201,34.0174333,5,"['55 mph', '65 mph']",Santa Ana Freeway,I 5,South
-118.2151767,34.0605091,"['5', '4']",55 mph,Golden State Freeway,I 5,South
-118.2150943,34.0602815,"['5', '4']",55 mph,Golden State Freeway,I 5,South
-118.2149699,34.0599225,"['5', '4']",55 mph,Golden State Freeway,I 5,South
-118.2147513,34.0592726,"['5', '4']",55 mph,Golden State Freeway,I 5,South
-118.2146373,34.058876,"['5', '4']",55 mph,Golden State Freeway,I 5,South
-118.21458,34.058642,"['5', '4']",55 mph,Golden State Freeway,I 5,South
-118.2145273,34.0584079,"['5', '4']",55 mph,Golden State Freeway,I 5,South
-118.214476,34.0581552,"['5', '4']",55 mph,Golden State Freeway,I 5,South
-118.2144316,34.0578987,"['5', '4']",55 mph,Golden State Freeway,I 5,South
-118.2143943,34.0576031,"['5', '4']",55 mph,Golden State Freeway,I 5,South
-118.214368,34.0573169,"['5', '4']",55 mph,Golden State Freeway,I 5,South
-118.214356,34.0571434,"['5', '4']",55 mph,Golden State Freeway,I 5,South
-118.2143145,34.0561913,"['5', '4']",55 mph,Golden State Freeway,I 5,South
-118.2142918,34.0556338,"['5', '4']",55 mph,Golden State Freeway,I 5,South
-118.215863,34.0624868,"['5', '4']",55 mph,Golden State Freeway,I 5,South
-118.2157368,34.0621297,"['5', '4']",55 mph,Golden State Freeway,I 5,South
-118.2153985,34.0611347,"['5', '4']",55 mph,Golden State Freeway,I 5,South
-118.2151767,34.0605091,"['5', '4']",55 mph,Golden State Freeway,I 5,South
-118.4317965,34.2534059,7,65 mph,Golden State Freeway,I 5,South
-118.4290398,34.2508,7,65 mph,Golden State Freeway,I 5,South
-118.4286997,34.2504829,7,65 mph,Golden State Freeway,I 5,South
-118.4269591,34.2488327,7,65 mph,Golden State Freeway,I 5,South
-118.4492306,34.2726558,5,65 mph,Golden State Freeway,I 5,South
-118.4484334,34.2715303,5,65 mph,Golden State Freeway,I 5,South
-118.4479583,34.2709243,5,65 mph,Golden State Freeway,I 5,South
-118.4477483,34.2706902,5,65 mph,Golden State Freeway,I 5,South
-118.4529177,34.2766302,5,65 mph,Golden State Freeway,I 5,South
-118.4516677,34.2754429,5,65 mph,Golden State Freeway,I 5,South
-118.4504453,34.2742392,5,65 mph,Golden State Freeway,I 5,South
-118.4500542,34.2737736,5,65 mph,Golden State Freeway,I 5,South
-118.4497384,34.2733778,5,65 mph,Golden State Freeway,I 5,South
-118.4494579,34.2729763,5,65 mph,Golden State Freeway,I 5,South
-118.4492306,34.2726558,5,65 mph,Golden State Freeway,I 5,South
-118.2807856,34.150447,6,65 mph,Golden State Freeway,I 5,South
-118.2803714,34.1498918,6,65 mph,Golden State Freeway,I 5,South
-118.2801302,34.1494705,6,65 mph,Golden State Freeway,I 5,South
-118.2799806,34.1491485,6,65 mph,Golden State Freeway,I 5,South
-118.2797738,34.148625,6,65 mph,Golden State Freeway,I 5,South
-118.5621126,34.3729986,"['5', '4']",65 mph,Golden State Freeway,I 5,South
-118.5620089,34.3728373,"['5', '4']",65 mph,Golden State Freeway,I 5,South
-118.561921,34.3727087,"['5', '4']",65 mph,Golden State Freeway,I 5,South
-118.5608978,34.3711334,"['5', '4']",65 mph,Golden State Freeway,I 5,South
-118.5599,34.3695405,"['5', '4']",65 mph,Golden State Freeway,I 5,South
-118.5589947,34.3683395,"['5', '4']",65 mph,Golden State Freeway,I 5,South
-118.5569022,34.365664,"['5', '4']",65 mph,Golden State Freeway,I 5,South
-118.5567832,34.36549,"['5', '4']",65 mph,Golden State Freeway,I 5,South
-118.5660979,34.3792741,4,65 mph,Golden State Freeway,I 5,South
-118.5646676,34.37702,4,65 mph,Golden State Freeway,I 5,South
-118.5639582,34.3759031,4,65 mph,Golden State Freeway,I 5,South
-118.5621126,34.3729986,4,65 mph,Golden State Freeway,I 5,South
-118.2141203,34.0510758,5,55 mph,Golden State Freeway,I 5;I 10,South
-118.2141206,34.0509297,5,55 mph,Golden State Freeway,I 5;I 10,South
-118.2141233,34.0507818,5,55 mph,Golden State Freeway,I 5;I 10,South
-118.2141325,34.050613,5,55 mph,Golden State Freeway,I 5;I 10,South
-118.2141451,34.0504471,5,55 mph,Golden State Freeway,I 5;I 10,South
-118.2142329,34.0494827,5,55 mph,Golden State Freeway,I 5;I 10,South
-118.2143172,34.0489779,5,55 mph,Golden State Freeway,I 5;I 10,South
-118.2144099,34.0485608,5,55 mph,Golden State Freeway,I 5;I 10,South
-118.2146949,34.0476046,5,55 mph,Golden State Freeway,I 5;I 10,South
-118.2150584,34.0466757,5,55 mph,Golden State Freeway,I 5;I 10,South
-118.3634571,34.2217487,5,65 mph,Golden State Freeway,I 5,South
-118.3623085,34.2216573,5,65 mph,Golden State Freeway,I 5,South
-118.3617305,34.2216285,5,65 mph,Golden State Freeway,I 5,South
-118.3611525,34.2215919,5,65 mph,Golden State Freeway,I 5,South
-118.3605825,34.2215176,5,65 mph,Golden State Freeway,I 5,South
-118.3600193,34.2214123,5,65 mph,Golden State Freeway,I 5,South
-118.3596666,34.2213169,5,65 mph,Golden State Freeway,I 5,South
-118.3593273,34.2212093,5,65 mph,Golden State Freeway,I 5,South
-118.3589973,34.2210907,5,65 mph,Golden State Freeway,I 5,South
-118.3586715,34.2209509,5,65 mph,Golden State Freeway,I 5,South
-118.3582101,34.2207192,5,65 mph,Golden State Freeway,I 5,South
-118.3577743,34.2204497,5,65 mph,Golden State Freeway,I 5,South
-118.2170083,34.0687104,4,55 mph,Golden State Freeway,I 5,South
-118.2167817,34.0682627,4,55 mph,Golden State Freeway,I 5,South
-118.2166315,34.0678394,4,55 mph,Golden State Freeway,I 5,South
-118.2165389,34.0674828,4,55 mph,Golden State Freeway,I 5,South
-118.2164746,34.0671429,4,55 mph,Golden State Freeway,I 5,South
-118.2164343,34.0666163,4,55 mph,Golden State Freeway,I 5,South
-118.2164174,34.0661064,4,55 mph,Golden State Freeway,I 5,South
-118.216403,34.0658595,4,55 mph,Golden State Freeway,I 5,South
-118.2163713,34.065222,4,55 mph,Golden State Freeway,I 5,South
-118.216323,34.0646154,4,55 mph,Golden State Freeway,I 5,South
-118.2162519,34.0640955,4,55 mph,Golden State Freeway,I 5,South
-118.2161599,34.0635938,4,55 mph,Golden State Freeway,I 5,South
-118.215863,34.0624868,4,55 mph,Golden State Freeway,I 5,South
-118.1758201,34.0174333,3,"['55 mph', '65 mph']",Santa Ana Freeway,I 5,South
-118.1747014,34.0168662,3,"['55 mph', '65 mph']",Santa Ana Freeway,I 5,South
-118.1744676,34.0167449,3,"['55 mph', '65 mph']",Santa Ana Freeway,I 5,South
-118.1736866,34.0163409,3,"['55 mph', '65 mph']",Santa Ana Freeway,I 5,South
-118.1728627,34.0159069,3,"['55 mph', '65 mph']",Santa Ana Freeway,I 5,South
-118.172485,34.0157219,3,"['55 mph', '65 mph']",Santa Ana Freeway,I 5,South
-118.1720816,34.0155512,3,"['55 mph', '65 mph']",Santa Ana Freeway,I 5,South
-118.171764,34.0154374,3,"['55 mph', '65 mph']",Santa Ana Freeway,I 5,South
-118.171352,34.0153164,3,"['55 mph', '65 mph']",Santa Ana Freeway,I 5,South
-118.1700735,34.0149785,3,"['55 mph', '65 mph']",Santa Ana Freeway,I 5,South
-118.5032308,34.3249559,7,65 mph,Golden State Freeway,I 5,South
-118.5028001,34.3246054,7,65 mph,Golden State Freeway,I 5,South
-118.5022773,34.3242181,7,65 mph,Golden State Freeway,I 5,South
-118.5012485,34.3236275,7,65 mph,Golden State Freeway,I 5,South
-118.4887425,34.3136596,6,65 mph,Golden State Freeway,I 5,South
-118.4868102,34.3109876,6,65 mph,Golden State Freeway,I 5,South
-118.215445,34.0458884,5,55 mph,Golden State Freeway,I 5;I 10,South
-118.2154848,34.0458067,5,55 mph,Golden State Freeway,I 5;I 10,South
-118.2156094,34.0456026,5,55 mph,Golden State Freeway,I 5;I 10,South
-118.2171357,34.0432664,5,55 mph,Golden State Freeway,I 5;I 10,South
-118.2174214,34.0428397,5,55 mph,Golden State Freeway,I 5;I 10,South
-118.2188389,34.0407116,5,55 mph,Golden State Freeway,I 5;I 10,South
-118.2189695,34.0405274,5,55 mph,Golden State Freeway,I 5;I 10,South
-118.2405598,34.0919148,5,65 mph,Golden State Freeway,I 5,South
-118.239411,34.0907686,5,65 mph,Golden State Freeway,I 5,South
-118.2390528,34.0904053,5,65 mph,Golden State Freeway,I 5,South
-118.2384736,34.0898711,5,65 mph,Golden State Freeway,I 5,South
-118.2377735,34.0892912,5,65 mph,Golden State Freeway,I 5,South
-118.2372666,34.0889292,5,65 mph,Golden State Freeway,I 5,South
-118.236179,34.088209,5,65 mph,Golden State Freeway,I 5,South
-118.5189646,34.3398824,2,,Golden State Freeway,I 5 Truck,South
-118.5186645,34.3396489,2,,Golden State Freeway,I 5 Truck,South
-118.5168865,34.3386742,2,,Golden State Freeway,I 5 Truck,South
-118.5164163,34.3384207,2,,Golden State Freeway,I 5 Truck,South
-118.514788,34.3375601,2,,Golden State Freeway,I 5 Truck,South
-118.5189646,34.3398824,4,65 mph,Golden State Freeway,I 5,South
-118.5185783,34.3396999,4,65 mph,Golden State Freeway,I 5,South
-118.514494,34.3377137,4,65 mph,Golden State Freeway,I 5,South
-118.3150465,34.1820877,5,65 mph,Golden State Freeway,I 5,South
-118.3144208,34.1813338,5,65 mph,Golden State Freeway,I 5,South
-118.3138467,34.1807639,5,65 mph,Golden State Freeway,I 5,South
-118.3132936,34.1802734,5,65 mph,Golden State Freeway,I 5,South
-118.3126857,34.1797992,5,65 mph,Golden State Freeway,I 5,South
-118.3122522,34.1795175,5,65 mph,Golden State Freeway,I 5,South
-118.3110686,34.178749,5,65 mph,Golden State Freeway,I 5,South
-118.340412,34.2022647,5,65 mph,Golden State Freeway,I 5,South
-118.3394706,34.2008227,5,65 mph,Golden State Freeway,I 5,South
-118.3390518,34.2001739,5,65 mph,Golden State Freeway,I 5,South
-118.3387922,34.1997695,5,65 mph,Golden State Freeway,I 5,South
-118.3387011,34.19963,5,65 mph,Golden State Freeway,I 5,South
-118.3577743,34.2204497,6,65 mph,Golden State Freeway,I 5,South
-118.3574645,34.2202357,6,65 mph,Golden State Freeway,I 5,South
-118.3571855,34.2200072,6,65 mph,Golden State Freeway,I 5,South
-118.3568999,34.2197555,6,65 mph,Golden State Freeway,I 5,South
-118.3565056,34.219333,6,65 mph,Golden State Freeway,I 5,South
-118.3553777,34.2180267,6,65 mph,Golden State Freeway,I 5,South
-118.3552263,34.2178548,6,65 mph,Golden State Freeway,I 5,South
-118.3547836,34.2173369,6,65 mph,Golden State Freeway,I 5,South
-118.3543035,34.2168279,6,65 mph,Golden State Freeway,I 5,South
-118.3538987,34.216468,6,65 mph,Golden State Freeway,I 5,South
-118.3534614,34.2161094,6,65 mph,Golden State Freeway,I 5,South
-118.351753,34.214656,6,65 mph,Golden State Freeway,I 5,South
-118.3460666,34.2098287,"['5', '6']",65 mph,Golden State Freeway,I 5,South
-118.3456485,34.2094352,"['5', '6']",65 mph,Golden State Freeway,I 5,South
-118.3451127,34.2088799,"['5', '6']",65 mph,Golden State Freeway,I 5,South
-118.3446292,34.2083485,"['5', '6']",65 mph,Golden State Freeway,I 5,South
-118.3442304,34.2077987,"['5', '6']",65 mph,Golden State Freeway,I 5,South
-118.3438717,34.2073299,"['5', '6']",65 mph,Golden State Freeway,I 5,South
-118.3425909,34.2054472,"['5', '6']",65 mph,Golden State Freeway,I 5,South
-118.3420301,34.2046468,"['5', '6']",65 mph,Golden State Freeway,I 5,South
-118.3419154,34.2044843,"['5', '6']",65 mph,Golden State Freeway,I 5,South
-118.340412,34.2022647,"['5', '6']",65 mph,Golden State Freeway,I 5,South
-118.351753,34.214656,5,65 mph,Golden State Freeway,I 5,South
-118.3515342,34.2145056,5,65 mph,Golden State Freeway,I 5,South
-118.3488313,34.2122148,5,65 mph,Golden State Freeway,I 5,South
-118.3481518,34.2116188,5,65 mph,Golden State Freeway,I 5,South
-118.3467936,34.2105146,5,65 mph,Golden State Freeway,I 5,South
-118.3462768,34.2100411,5,65 mph,Golden State Freeway,I 5,South
-118.3460666,34.2098287,5,65 mph,Golden State Freeway,I 5,South
-118.3701231,34.222414,5,65 mph,Golden State Freeway,I 5,South
-118.3697088,34.2222772,5,65 mph,Golden State Freeway,I 5,South
-118.3692984,34.2221696,5,65 mph,Golden State Freeway,I 5,South
-118.3687514,34.2220781,5,65 mph,Golden State Freeway,I 5,South
-118.3683449,34.2220213,5,65 mph,Golden State Freeway,I 5,South
-118.3679265,34.221983,5,65 mph,Golden State Freeway,I 5,South
-118.3646805,34.2218185,5,65 mph,Golden State Freeway,I 5,South
-118.3634571,34.2217487,5,65 mph,Golden State Freeway,I 5,South
-118.4626287,34.2867308,4,65 mph,Golden State Freeway,I 5,South
-118.4601147,34.285213,4,65 mph,Golden State Freeway,I 5,South
-118.4596169,34.2848582,4,65 mph,Golden State Freeway,I 5,South
-118.4593419,34.2846391,4,65 mph,Golden State Freeway,I 5,South
-118.4589386,34.2842961,4,65 mph,Golden State Freeway,I 5,South
-118.458601,34.2839829,4,65 mph,Golden State Freeway,I 5,South
-118.4580186,34.2833326,4,65 mph,Golden State Freeway,I 5,South
-118.4574671,34.2825576,4,65 mph,Golden State Freeway,I 5,South
-118.4559047,34.2798955,4,65 mph,Golden State Freeway,I 5,South
-118.4556342,34.2794529,4,65 mph,Golden State Freeway,I 5,South
-118.4820234,34.3056249,"['6', '7']",65 mph,Golden State Freeway,I 5,South
-118.4813603,34.3049416,"['6', '7']",65 mph,Golden State Freeway,I 5,South
-118.4798883,34.3033979,"['6', '7']",65 mph,Golden State Freeway,I 5,South
-118.4796081,34.3030936,"['6', '7']",65 mph,Golden State Freeway,I 5,South
-118.4785675,34.3020013,"['6', '7']",65 mph,Golden State Freeway,I 5,South
-118.477248,34.3006561,"['6', '7']",65 mph,Golden State Freeway,I 5,South
-118.4767662,34.300135,"['6', '7']",65 mph,Golden State Freeway,I 5,South
-118.4868102,34.3109876,6,65 mph,Golden State Freeway,I 5,South
-118.4861911,34.3101735,6,65 mph,Golden State Freeway,I 5,South
-118.4855619,34.3093709,6,65 mph,Golden State Freeway,I 5,South
-118.4839526,34.3076715,6,65 mph,Golden State Freeway,I 5,South
-118.4820234,34.3056249,6,65 mph,Golden State Freeway,I 5,South
-118.188239,34.0202327,5,65 mph,Santa Ana Freeway,I 5,South
-118.190134,34.0202245,5,65 mph,Santa Ana Freeway,I 5,South
-118.2042276,34.0247599,5,55 mph,Santa Ana Freeway,I 5,South
-118.2033509,34.0243803,5,55 mph,Santa Ana Freeway,I 5,South
-118.2030345,34.0242433,5,55 mph,Santa Ana Freeway,I 5,South
-118.2008004,34.0232759,5,55 mph,Santa Ana Freeway,I 5,South
-118.1983961,34.0222297,5,55 mph,Santa Ana Freeway,I 5,South
-118.1981734,34.0221327,5,55 mph,Santa Ana Freeway,I 5,South
-118.1961176,34.0212303,5,55 mph,Santa Ana Freeway,I 5,South
-118.2795716,34.1479083,"['6', '7']",65 mph,Golden State Freeway,I 5,South
-118.279305,34.146997,"['6', '7']",65 mph,Golden State Freeway,I 5,South
-118.2790569,34.1461091,"['6', '7']",65 mph,Golden State Freeway,I 5,South
-118.2787757,34.1451244,"['6', '7']",65 mph,Golden State Freeway,I 5,South
-118.2797738,34.148625,6,65 mph,Golden State Freeway,I 5,South
-118.2795716,34.1479083,6,65 mph,Golden State Freeway,I 5,South
-118.4204696,34.2426994,"['7', '8']",65 mph,Golden State Freeway,I 5,South
-118.420131,34.2423808,"['7', '8']",65 mph,Golden State Freeway,I 5,South
-118.4197935,34.2420622,"['7', '8']",65 mph,Golden State Freeway,I 5,South
-118.4165635,34.2389993,"['7', '8']",65 mph,Golden State Freeway,I 5,South
-118.4160791,34.2385457,"['7', '8']",65 mph,Golden State Freeway,I 5,South
-118.4156374,34.2381321,"['7', '8']",65 mph,Golden State Freeway,I 5,South
-118.4140217,34.2365924,"['7', '8']",65 mph,Golden State Freeway,I 5,South
-118.4767662,34.300135,7,65 mph,Golden State Freeway,I 5,South
-118.4730264,34.2964063,7,65 mph,Golden State Freeway,I 5,South
-118.1878617,34.0200892,5,65 mph,Santa Ana Freeway,I 5,South
-118.1876597,34.0200818,5,65 mph,Santa Ana Freeway,I 5,South
-118.186618,34.0200818,5,65 mph,Santa Ana Freeway,I 5,South
-118.183633,34.0200843,5,65 mph,Santa Ana Freeway,I 5,South
-118.1830197,34.0200653,5,65 mph,Santa Ana Freeway,I 5,South
-118.1825442,34.020032,5,65 mph,Santa Ana Freeway,I 5,South
-118.1819846,34.0199614,5,65 mph,Santa Ana Freeway,I 5,South
-118.1814,34.0198618,5,65 mph,Santa Ana Freeway,I 5,South
-118.1807687,34.0197166,5,65 mph,Santa Ana Freeway,I 5,South
-118.1798727,34.0194456,5,65 mph,Santa Ana Freeway,I 5,South
-118.1946778,34.0206512,5,55 mph,Santa Ana Freeway,I 5,South
-118.1939339,34.0204223,5,55 mph,Santa Ana Freeway,I 5,South
-118.1933309,34.0202828,5,55 mph,Santa Ana Freeway,I 5,South
-118.1930203,34.0202372,5,55 mph,Santa Ana Freeway,I 5,South
-118.1926074,34.0201738,5,55 mph,Santa Ana Freeway,I 5,South
-118.19195,34.0201027,5,55 mph,Santa Ana Freeway,I 5,South
-118.1918367,34.0200961,5,55 mph,Santa Ana Freeway,I 5,South
-118.1913885,34.0200674,5,55 mph,Santa Ana Freeway,I 5,South
-118.1911134,34.0200539,5,55 mph,Santa Ana Freeway,I 5,South
-118.5012485,34.3236275,7,65 mph,Golden State Freeway,I 5,South
-118.4985836,34.3221418,7,65 mph,Golden State Freeway,I 5,South
-118.4948647,34.3200555,7,65 mph,Golden State Freeway,I 5,South
-118.5110167,34.3357189,"['3', '4']",65 mph,Golden State Freeway,I 5,South
-118.5101414,34.3351062,"['3', '4']",65 mph,Golden State Freeway,I 5,South
-118.5099013,34.3349191,"['3', '4']",65 mph,Golden State Freeway,I 5,South
-118.5096586,34.3347397,"['3', '4']",65 mph,Golden State Freeway,I 5,South
-118.5094454,34.3345526,"['3', '4']",65 mph,Golden State Freeway,I 5,South
-118.5092268,34.3343732,"['3', '4']",65 mph,Golden State Freeway,I 5,South
-118.5089988,34.3341882,"['3', '4']",65 mph,Golden State Freeway,I 5,South
-118.5087816,34.3340033,"['3', '4']",65 mph,Golden State Freeway,I 5,South
-118.5085643,34.333815,"['3', '4']",65 mph,Golden State Freeway,I 5,South
-118.508347,34.3335968,"['3', '4']",65 mph,Golden State Freeway,I 5,South
-118.5081405,34.3333787,"['3', '4']",65 mph,Golden State Freeway,I 5,South
-118.5079541,34.3331516,"['3', '4']",65 mph,Golden State Freeway,I 5,South
-118.5077865,34.332939,"['3', '4']",65 mph,Golden State Freeway,I 5,South
-118.5076349,34.3327098,"['3', '4']",65 mph,Golden State Freeway,I 5,South
-118.5075035,34.3324661,"['3', '4']",65 mph,Golden State Freeway,I 5,South
-118.5073814,34.3322413,"['3', '4']",65 mph,Golden State Freeway,I 5,South
-118.5072634,34.3320254,"['3', '4']",65 mph,Golden State Freeway,I 5,South
-118.507132,34.3317463,"['3', '4']",65 mph,Golden State Freeway,I 5,South
-118.5070301,34.3315049,"['3', '4']",65 mph,Golden State Freeway,I 5,South
-118.5066586,34.3306864,"['3', '4']",65 mph,Golden State Freeway,I 5,South
-118.5063099,34.3299212,"['3', '4']",65 mph,Golden State Freeway,I 5,South
-118.5057267,34.3286877,"['3', '4']",65 mph,Golden State Freeway,I 5,South
-118.5054344,34.3280708,"['3', '4']",65 mph,Golden State Freeway,I 5,South
-118.5051545,34.3274881,"['3', '4']",65 mph,Golden State Freeway,I 5,South
-118.5048663,34.3269302,"['3', '4']",65 mph,Golden State Freeway,I 5,South
-118.5045785,34.3264649,"['3', '4']",65 mph,Golden State Freeway,I 5,South
-118.5043578,34.326158,"['3', '4']",65 mph,Golden State Freeway,I 5,South
-118.5040996,34.3258336,"['3', '4']",65 mph,Golden State Freeway,I 5,South
-118.5036808,34.325388,"['3', '4']",65 mph,Golden State Freeway,I 5,South
-118.5032308,34.3249559,"['3', '4']",65 mph,Golden State Freeway,I 5,South
-118.4140217,34.2365924,7,65 mph,Golden State Freeway,I 5,South
-118.4133408,34.2359818,7,65 mph,Golden State Freeway,I 5,South
-118.412396,34.2350911,7,65 mph,Golden State Freeway,I 5,South
-118.4122341,34.2349379,7,65 mph,Golden State Freeway,I 5,South
-118.4118247,34.2345476,7,65 mph,Golden State Freeway,I 5,South
-118.2194076,34.0767032,4,55 mph,Golden State Freeway,I 5,South
-118.2194055,34.0760872,4,55 mph,Golden State Freeway,I 5,South
-118.2195376,34.0741371,4,55 mph,Golden State Freeway,I 5,South
-118.2195162,34.0737161,4,55 mph,Golden State Freeway,I 5,South
-118.2194692,34.0733184,4,55 mph,Golden State Freeway,I 5,South
-118.2193915,34.0729407,4,55 mph,Golden State Freeway,I 5,South
-118.2191836,34.0723533,4,55 mph,Golden State Freeway,I 5,South
-118.56813,34.3837051,4,65 mph,Golden State Freeway,I 5,South
-118.5671533,34.3812946,4,65 mph,Golden State Freeway,I 5,South
-118.5666712,34.380263,4,65 mph,Golden State Freeway,I 5,South
-118.5660979,34.3792741,4,65 mph,Golden State Freeway,I 5,South
-118.5567832,34.36549,5,65 mph,Golden State Freeway,I 5,South
-118.5564668,34.3650229,5,65 mph,Golden State Freeway,I 5,South
-118.5561409,34.3644317,5,65 mph,Golden State Freeway,I 5,South
-118.555882,34.3638494,5,65 mph,Golden State Freeway,I 5,South
-118.555422,34.3624977,5,65 mph,Golden State Freeway,I 5,South
-118.5552232,34.3619015,5,65 mph,Golden State Freeway,I 5,South
-118.5547236,34.3603075,5,65 mph,Golden State Freeway,I 5,South
-118.5544487,34.3595315,5,65 mph,Golden State Freeway,I 5,South
-118.4464002,34.2693503,6,65 mph,Golden State Freeway,I 5,South
-118.4461882,34.2691531,6,65 mph,Golden State Freeway,I 5,South
-118.4448738,34.2678905,6,65 mph,Golden State Freeway,I 5,South
-118.4442003,34.2672452,6,65 mph,Golden State Freeway,I 5,South
-118.4439738,34.2670378,6,65 mph,Golden State Freeway,I 5,South
-118.443695,34.2667738,6,65 mph,Golden State Freeway,I 5,South
-118.4118247,34.2345476,5,65 mph,Golden State Freeway,I 5,South
-118.4115382,34.234299,5,65 mph,Golden State Freeway,I 5,South
-118.4108819,34.233662,5,65 mph,Golden State Freeway,I 5,South
-118.4102335,34.2331637,5,65 mph,Golden State Freeway,I 5,South
-118.4100193,34.2330148,5,65 mph,Golden State Freeway,I 5,South
-118.4095215,34.2327348,5,65 mph,Golden State Freeway,I 5,South
-118.408577,34.2323396,5,65 mph,Golden State Freeway,I 5,South
-118.4081227,34.2321888,5,65 mph,Golden State Freeway,I 5,South
-118.4076885,34.2320735,5,65 mph,Golden State Freeway,I 5,South
-118.4054806,34.2317048,5,65 mph,Golden State Freeway,I 5,South
-118.4028291,34.2313326,5,65 mph,Golden State Freeway,I 5,South
-118.3976622,34.23043,5,65 mph,Golden State Freeway,I 5,South
-118.3976622,34.23043,5,65 mph,Golden State Freeway,I 5,South
-118.397196,34.230338,5,65 mph,Golden State Freeway,I 5,South
-118.3966793,34.2302163,5,65 mph,Golden State Freeway,I 5,South
-118.3961811,34.2300813,5,65 mph,Golden State Freeway,I 5,South
-118.3956098,34.2298845,5,65 mph,Golden State Freeway,I 5,South
-118.395003,34.2296323,5,65 mph,Golden State Freeway,I 5,South
-118.3935961,34.2289703,5,65 mph,Golden State Freeway,I 5,South
-118.3913089,34.2278523,5,65 mph,Golden State Freeway,I 5,South
-118.3913089,34.2278523,5,65 mph,Golden State Freeway,I 5,South
-118.3898696,34.2272661,5,65 mph,Golden State Freeway,I 5,South
-118.3893188,34.2270309,5,65 mph,Golden State Freeway,I 5,South
-118.3887302,34.2268058,5,65 mph,Golden State Freeway,I 5,South
-118.3882223,34.2266601,5,65 mph,Golden State Freeway,I 5,South
-118.3877779,34.2265489,5,65 mph,Golden State Freeway,I 5,South
-118.3808548,34.2267701,5,65 mph,Golden State Freeway,I 5,South
-118.3817233,34.2267299,5,65 mph,Golden State Freeway,I 5,South
-118.3823288,34.2267052,5,65 mph,Golden State Freeway,I 5,South
-118.3846131,34.2265961,5,65 mph,Golden State Freeway,I 5,South
-118.3853319,34.226565,5,65 mph,Golden State Freeway,I 5,South
-118.3859931,34.2265528,5,65 mph,Golden State Freeway,I 5,South
-118.3865067,34.2265761,5,65 mph,Golden State Freeway,I 5,South
-118.387007,34.226626,5,65 mph,Golden State Freeway,I 5,South
-118.2423392,34.0937815,5,65 mph,Golden State Freeway,I 5,South
-118.2405598,34.0919148,5,65 mph,Golden State Freeway,I 5,South
-118.3333307,34.195484,6,65 mph,Golden State Freeway,I 5,South
-118.3328795,34.1952523,6,65 mph,Golden State Freeway,I 5,South
-118.3324513,34.1950347,6,65 mph,Golden State Freeway,I 5,South
-118.3315684,34.1945387,6,65 mph,Golden State Freeway,I 5,South
-118.3308193,34.1940733,6,65 mph,Golden State Freeway,I 5,South
-118.3302817,34.1937349,6,65 mph,Golden State Freeway,I 5,South
-118.3299943,34.1935351,6,65 mph,Golden State Freeway,I 5,South
-118.3297152,34.1933411,6,65 mph,Golden State Freeway,I 5,South
-118.3291532,34.1929424,6,65 mph,Golden State Freeway,I 5,South
-118.3286885,34.1925694,6,65 mph,Golden State Freeway,I 5,South
-118.3278926,34.191898,6,65 mph,Golden State Freeway,I 5,South
-118.327289,34.1914177,6,65 mph,Golden State Freeway,I 5,South
-118.3254495,34.189952,6,65 mph,Golden State Freeway,I 5,South
-118.3245363,34.1892709,6,65 mph,Golden State Freeway,I 5,South
-118.323602,34.1885942,6,65 mph,Golden State Freeway,I 5,South
-118.3387011,34.19963,6,65 mph,Golden State Freeway,I 5,South
-118.3386603,34.1995699,6,65 mph,Golden State Freeway,I 5,South
-118.3382072,34.1989402,6,65 mph,Golden State Freeway,I 5,South
-118.3375948,34.1983183,6,65 mph,Golden State Freeway,I 5,South
-118.3370337,34.1978622,6,65 mph,Golden State Freeway,I 5,South
-118.3365992,34.1975614,6,65 mph,Golden State Freeway,I 5,South
-118.3361686,34.1972728,6,65 mph,Golden State Freeway,I 5,South
-118.3345612,34.1962008,6,65 mph,Golden State Freeway,I 5,South
-118.3333307,34.195484,6,65 mph,Golden State Freeway,I 5,South
-118.3224719,34.1877792,"['5', '6']",65 mph,Golden State Freeway,I 5,South
-118.3218676,34.1873437,"['5', '6']",65 mph,Golden State Freeway,I 5,South
-118.3214835,34.1870667,"['5', '6']",65 mph,Golden State Freeway,I 5,South
-118.3212673,34.1869261,"['5', '6']",65 mph,Golden State Freeway,I 5,South
-118.3210273,34.1867881,"['5', '6']",65 mph,Golden State Freeway,I 5,South
-118.320335,34.1863986,"['5', '6']",65 mph,Golden State Freeway,I 5,South
-118.3196977,34.1860584,"['5', '6']",65 mph,Golden State Freeway,I 5,South
-118.3190596,34.1857107,"['5', '6']",65 mph,Golden State Freeway,I 5,South
-118.3188685,34.1856087,"['5', '6']",65 mph,Golden State Freeway,I 5,South
-118.3186607,34.1854971,"['5', '6']",65 mph,Golden State Freeway,I 5,South
-118.3181148,34.1851733,"['5', '6']",65 mph,Golden State Freeway,I 5,South
-118.3177352,34.1849268,"['5', '6']",65 mph,Golden State Freeway,I 5,South
-118.3174003,34.1846895,"['5', '6']",65 mph,Golden State Freeway,I 5,South
-118.3170965,34.18446,"['5', '6']",65 mph,Golden State Freeway,I 5,South
-118.3168407,34.1842637,"['5', '6']",65 mph,Golden State Freeway,I 5,South
-118.3166188,34.1840583,"['5', '6']",65 mph,Golden State Freeway,I 5,South
-118.316187,34.1835951,"['5', '6']",65 mph,Golden State Freeway,I 5,South
-118.3158656,34.1832246,"['5', '6']",65 mph,Golden State Freeway,I 5,South
-118.3150465,34.1820877,"['5', '6']",65 mph,Golden State Freeway,I 5,South
